#include <stdint.h>
#include "registries.h"

// 从官方 Minecraft Java 26.1.2 生成

// 必需的 "Registry Data" 包二进制内容
uint8_t registries_bin[] = {
  0xa0, 0x07, 0x07, 0x0e, 0x77, 0x6f, 0x72, 0x6c, 0x64, 0x67, 0x65, 0x6e,
  0x2f, 0x62, 0x69, 0x6f, 0x6d, 0x65, 0x41, 0x08, 0x62, 0x61, 0x64, 0x6c,
  0x61, 0x6e, 0x64, 0x73, 0x00, 0x0d, 0x62, 0x61, 0x6d, 0x62, 0x6f, 0x6f,
  0x5f, 0x6a, 0x75, 0x6e, 0x67, 0x6c, 0x65, 0x00, 0x0d, 0x62, 0x61, 0x73,
  0x61, 0x6c, 0x74, 0x5f, 0x64, 0x65, 0x6c, 0x74, 0x61, 0x73, 0x00, 0x05,
  0x62, 0x65, 0x61, 0x63, 0x68, 0x00, 0x0c, 0x62, 0x69, 0x72, 0x63, 0x68,
  0x5f, 0x66, 0x6f, 0x72, 0x65, 0x73, 0x74, 0x00, 0x0c, 0x63, 0x68, 0x65,
  0x72, 0x72, 0x79, 0x5f, 0x67, 0x72, 0x6f, 0x76, 0x65, 0x00, 0x0a, 0x63,
  0x6f, 0x6c, 0x64, 0x5f, 0x6f, 0x63, 0x65, 0x61, 0x6e, 0x00, 0x0e, 0x63,
  0x72, 0x69, 0x6d, 0x73, 0x6f, 0x6e, 0x5f, 0x66, 0x6f, 0x72, 0x65, 0x73,
  0x74, 0x00, 0x0b, 0x64, 0x61, 0x72, 0x6b, 0x5f, 0x66, 0x6f, 0x72, 0x65,
  0x73, 0x74, 0x00, 0x0f, 0x64, 0x65, 0x65, 0x70, 0x5f, 0x63, 0x6f, 0x6c,
  0x64, 0x5f, 0x6f, 0x63, 0x65, 0x61, 0x6e, 0x00, 0x09, 0x64, 0x65, 0x65,
  0x70, 0x5f, 0x64, 0x61, 0x72, 0x6b, 0x00, 0x11, 0x64, 0x65, 0x65, 0x70,
  0x5f, 0x66, 0x72, 0x6f, 0x7a, 0x65, 0x6e, 0x5f, 0x6f, 0x63, 0x65, 0x61,
  0x6e, 0x00, 0x13, 0x64, 0x65, 0x65, 0x70, 0x5f, 0x6c, 0x75, 0x6b, 0x65,
  0x77, 0x61, 0x72, 0x6d, 0x5f, 0x6f, 0x63, 0x65, 0x61, 0x6e, 0x00, 0x0a,
  0x64, 0x65, 0x65, 0x70, 0x5f, 0x6f, 0x63, 0x65, 0x61, 0x6e, 0x00, 0x06,
  0x64, 0x65, 0x73, 0x65, 0x72, 0x74, 0x00, 0x0f, 0x64, 0x72, 0x69, 0x70,
  0x73, 0x74, 0x6f, 0x6e, 0x65, 0x5f, 0x63, 0x61, 0x76, 0x65, 0x73, 0x00,
  0x0b, 0x65, 0x6e, 0x64, 0x5f, 0x62, 0x61, 0x72, 0x72, 0x65, 0x6e, 0x73,
  0x00, 0x0d, 0x65, 0x6e, 0x64, 0x5f, 0x68, 0x69, 0x67, 0x68, 0x6c, 0x61,
  0x6e, 0x64, 0x73, 0x00, 0x0c, 0x65, 0x6e, 0x64, 0x5f, 0x6d, 0x69, 0x64,
  0x6c, 0x61, 0x6e, 0x64, 0x73, 0x00, 0x0f, 0x65, 0x72, 0x6f, 0x64, 0x65,
  0x64, 0x5f, 0x62, 0x61, 0x64, 0x6c, 0x61, 0x6e, 0x64, 0x73, 0x00, 0x0d,
  0x66, 0x6c, 0x6f, 0x77, 0x65, 0x72, 0x5f, 0x66, 0x6f, 0x72, 0x65, 0x73,
  0x74, 0x00, 0x06, 0x66, 0x6f, 0x72, 0x65, 0x73, 0x74, 0x00, 0x0c, 0x66,
  0x72, 0x6f, 0x7a, 0x65, 0x6e, 0x5f, 0x6f, 0x63, 0x65, 0x61, 0x6e, 0x00,
  0x0c, 0x66, 0x72, 0x6f, 0x7a, 0x65, 0x6e, 0x5f, 0x70, 0x65, 0x61, 0x6b,
  0x73, 0x00, 0x0c, 0x66, 0x72, 0x6f, 0x7a, 0x65, 0x6e, 0x5f, 0x72, 0x69,
  0x76, 0x65, 0x72, 0x00, 0x05, 0x67, 0x72, 0x6f, 0x76, 0x65, 0x00, 0x0a,
  0x69, 0x63, 0x65, 0x5f, 0x73, 0x70, 0x69, 0x6b, 0x65, 0x73, 0x00, 0x0c,
  0x6a, 0x61, 0x67, 0x67, 0x65, 0x64, 0x5f, 0x70, 0x65, 0x61, 0x6b, 0x73,
  0x00, 0x06, 0x6a, 0x75, 0x6e, 0x67, 0x6c, 0x65, 0x00, 0x0e, 0x6c, 0x75,
  0x6b, 0x65, 0x77, 0x61, 0x72, 0x6d, 0x5f, 0x6f, 0x63, 0x65, 0x61, 0x6e,
  0x00, 0x0a, 0x6c, 0x75, 0x73, 0x68, 0x5f, 0x63, 0x61, 0x76, 0x65, 0x73,
  0x00, 0x0e, 0x6d, 0x61, 0x6e, 0x67, 0x72, 0x6f, 0x76, 0x65, 0x5f, 0x73,
  0x77, 0x61, 0x6d, 0x70, 0x00, 0x06, 0x6d, 0x65, 0x61, 0x64, 0x6f, 0x77,
  0x00, 0x0f, 0x6d, 0x75, 0x73, 0x68, 0x72, 0x6f, 0x6f, 0x6d, 0x5f, 0x66,
  0x69, 0x65, 0x6c, 0x64, 0x73, 0x00, 0x0d, 0x6e, 0x65, 0x74, 0x68, 0x65,
  0x72, 0x5f, 0x77, 0x61, 0x73, 0x74, 0x65, 0x73, 0x00, 0x05, 0x6f, 0x63,
  0x65, 0x61, 0x6e, 0x00, 0x17, 0x6f, 0x6c, 0x64, 0x5f, 0x67, 0x72, 0x6f,
  0x77, 0x74, 0x68, 0x5f, 0x62, 0x69, 0x72, 0x63, 0x68, 0x5f, 0x66, 0x6f,
  0x72, 0x65, 0x73, 0x74, 0x00, 0x15, 0x6f, 0x6c, 0x64, 0x5f, 0x67, 0x72,
  0x6f, 0x77, 0x74, 0x68, 0x5f, 0x70, 0x69, 0x6e, 0x65, 0x5f, 0x74, 0x61,
  0x69, 0x67, 0x61, 0x00, 0x17, 0x6f, 0x6c, 0x64, 0x5f, 0x67, 0x72, 0x6f,
  0x77, 0x74, 0x68, 0x5f, 0x73, 0x70, 0x72, 0x75, 0x63, 0x65, 0x5f, 0x74,
  0x61, 0x69, 0x67, 0x61, 0x00, 0x0b, 0x70, 0x61, 0x6c, 0x65, 0x5f, 0x67,
  0x61, 0x72, 0x64, 0x65, 0x6e, 0x00, 0x06, 0x70, 0x6c, 0x61, 0x69, 0x6e,
  0x73, 0x00, 0x05, 0x72, 0x69, 0x76, 0x65, 0x72, 0x00, 0x07, 0x73, 0x61,
  0x76, 0x61, 0x6e, 0x6e, 0x61, 0x00, 0x0f, 0x73, 0x61, 0x76, 0x61, 0x6e,
  0x6e, 0x61, 0x5f, 0x70, 0x6c, 0x61, 0x74, 0x65, 0x61, 0x75, 0x00, 0x11,
  0x73, 0x6d, 0x61, 0x6c, 0x6c, 0x5f, 0x65, 0x6e, 0x64, 0x5f, 0x69, 0x73,
  0x6c, 0x61, 0x6e, 0x64, 0x73, 0x00, 0x0b, 0x73, 0x6e, 0x6f, 0x77, 0x79,
  0x5f, 0x62, 0x65, 0x61, 0x63, 0x68, 0x00, 0x0c, 0x73, 0x6e, 0x6f, 0x77,
  0x79, 0x5f, 0x70, 0x6c, 0x61, 0x69, 0x6e, 0x73, 0x00, 0x0c, 0x73, 0x6e,
  0x6f, 0x77, 0x79, 0x5f, 0x73, 0x6c, 0x6f, 0x70, 0x65, 0x73, 0x00, 0x0b,
  0x73, 0x6e, 0x6f, 0x77, 0x79, 0x5f, 0x74, 0x61, 0x69, 0x67, 0x61, 0x00,
  0x10, 0x73, 0x6f, 0x75, 0x6c, 0x5f, 0x73, 0x61, 0x6e, 0x64, 0x5f, 0x76,
  0x61, 0x6c, 0x6c, 0x65, 0x79, 0x00, 0x0d, 0x73, 0x70, 0x61, 0x72, 0x73,
  0x65, 0x5f, 0x6a, 0x75, 0x6e, 0x67, 0x6c, 0x65, 0x00, 0x0b, 0x73, 0x74,
  0x6f, 0x6e, 0x79, 0x5f, 0x70, 0x65, 0x61, 0x6b, 0x73, 0x00, 0x0b, 0x73,
  0x74, 0x6f, 0x6e, 0x79, 0x5f, 0x73, 0x68, 0x6f, 0x72, 0x65, 0x00, 0x10,
  0x73, 0x75, 0x6e, 0x66, 0x6c, 0x6f, 0x77, 0x65, 0x72, 0x5f, 0x70, 0x6c,
  0x61, 0x69, 0x6e, 0x73, 0x00, 0x05, 0x73, 0x77, 0x61, 0x6d, 0x70, 0x00,
  0x05, 0x74, 0x61, 0x69, 0x67, 0x61, 0x00, 0x07, 0x74, 0x68, 0x65, 0x5f,
  0x65, 0x6e, 0x64, 0x00, 0x08, 0x74, 0x68, 0x65, 0x5f, 0x76, 0x6f, 0x69,
  0x64, 0x00, 0x0a, 0x77, 0x61, 0x72, 0x6d, 0x5f, 0x6f, 0x63, 0x65, 0x61,
  0x6e, 0x00, 0x0d, 0x77, 0x61, 0x72, 0x70, 0x65, 0x64, 0x5f, 0x66, 0x6f,
  0x72, 0x65, 0x73, 0x74, 0x00, 0x10, 0x77, 0x69, 0x6e, 0x64, 0x73, 0x77,
  0x65, 0x70, 0x74, 0x5f, 0x66, 0x6f, 0x72, 0x65, 0x73, 0x74, 0x00, 0x18,
  0x77, 0x69, 0x6e, 0x64, 0x73, 0x77, 0x65, 0x70, 0x74, 0x5f, 0x67, 0x72,
  0x61, 0x76, 0x65, 0x6c, 0x6c, 0x79, 0x5f, 0x68, 0x69, 0x6c, 0x6c, 0x73,
  0x00, 0x0f, 0x77, 0x69, 0x6e, 0x64, 0x73, 0x77, 0x65, 0x70, 0x74, 0x5f,
  0x68, 0x69, 0x6c, 0x6c, 0x73, 0x00, 0x11, 0x77, 0x69, 0x6e, 0x64, 0x73,
  0x77, 0x65, 0x70, 0x74, 0x5f, 0x73, 0x61, 0x76, 0x61, 0x6e, 0x6e, 0x61,
  0x00, 0x0f, 0x77, 0x6f, 0x6f, 0x64, 0x65, 0x64, 0x5f, 0x62, 0x61, 0x64,
  0x6c, 0x61, 0x6e, 0x64, 0x73, 0x00, 0x90, 0x01, 0x07, 0x09, 0x63, 0x68,
  0x61, 0x74, 0x5f, 0x74, 0x79, 0x70, 0x65, 0x07, 0x04, 0x63, 0x68, 0x61,
  0x74, 0x00, 0x0d, 0x65, 0x6d, 0x6f, 0x74, 0x65, 0x5f, 0x63, 0x6f, 0x6d,
  0x6d, 0x61, 0x6e, 0x64, 0x00, 0x14, 0x6d, 0x73, 0x67, 0x5f, 0x63, 0x6f,
  0x6d, 0x6d, 0x61, 0x6e, 0x64, 0x5f, 0x69, 0x6e, 0x63, 0x6f, 0x6d, 0x69,
  0x6e, 0x67, 0x00, 0x14, 0x6d, 0x73, 0x67, 0x5f, 0x63, 0x6f, 0x6d, 0x6d,
  0x61, 0x6e, 0x64, 0x5f, 0x6f, 0x75, 0x74, 0x67, 0x6f, 0x69, 0x6e, 0x67,
  0x00, 0x0b, 0x73, 0x61, 0x79, 0x5f, 0x63, 0x6f, 0x6d, 0x6d, 0x61, 0x6e,
  0x64, 0x00, 0x19, 0x74, 0x65, 0x61, 0x6d, 0x5f, 0x6d, 0x73, 0x67, 0x5f,
  0x63, 0x6f, 0x6d, 0x6d, 0x61, 0x6e, 0x64, 0x5f, 0x69, 0x6e, 0x63, 0x6f,
  0x6d, 0x69, 0x6e, 0x67, 0x00, 0x19, 0x74, 0x65, 0x61, 0x6d, 0x5f, 0x6d,
  0x73, 0x67, 0x5f, 0x63, 0x6f, 0x6d, 0x6d, 0x61, 0x6e, 0x64, 0x5f, 0x6f,
  0x75, 0x74, 0x67, 0x6f, 0x69, 0x6e, 0x67, 0x00, 0x89, 0x01, 0x07, 0x0c,
  0x74, 0x72, 0x69, 0x6d, 0x5f, 0x70, 0x61, 0x74, 0x74, 0x65, 0x72, 0x6e,
  0x12, 0x04, 0x62, 0x6f, 0x6c, 0x74, 0x00, 0x05, 0x63, 0x6f, 0x61, 0x73,
  0x74, 0x00, 0x04, 0x64, 0x75, 0x6e, 0x65, 0x00, 0x03, 0x65, 0x79, 0x65,
  0x00, 0x04, 0x66, 0x6c, 0x6f, 0x77, 0x00, 0x04, 0x68, 0x6f, 0x73, 0x74,
  0x00, 0x06, 0x72, 0x61, 0x69, 0x73, 0x65, 0x72, 0x00, 0x03, 0x72, 0x69,
  0x62, 0x00, 0x06, 0x73, 0x65, 0x6e, 0x74, 0x72, 0x79, 0x00, 0x06, 0x73,
  0x68, 0x61, 0x70, 0x65, 0x72, 0x00, 0x07, 0x73, 0x69, 0x6c, 0x65, 0x6e,
  0x63, 0x65, 0x00, 0x05, 0x73, 0x6e, 0x6f, 0x75, 0x74, 0x00, 0x05, 0x73,
  0x70, 0x69, 0x72, 0x65, 0x00, 0x04, 0x74, 0x69, 0x64, 0x65, 0x00, 0x03,
  0x76, 0x65, 0x78, 0x00, 0x04, 0x77, 0x61, 0x72, 0x64, 0x00, 0x09, 0x77,
  0x61, 0x79, 0x66, 0x69, 0x6e, 0x64, 0x65, 0x72, 0x00, 0x04, 0x77, 0x69,
  0x6c, 0x64, 0x00, 0x6b, 0x07, 0x0d, 0x74, 0x72, 0x69, 0x6d, 0x5f, 0x6d,
  0x61, 0x74, 0x65, 0x72, 0x69, 0x61, 0x6c, 0x0b, 0x08, 0x61, 0x6d, 0x65,
  0x74, 0x68, 0x79, 0x73, 0x74, 0x00, 0x06, 0x63, 0x6f, 0x70, 0x70, 0x65,
  0x72, 0x00, 0x07, 0x64, 0x69, 0x61, 0x6d, 0x6f, 0x6e, 0x64, 0x00, 0x07,
  0x65, 0x6d, 0x65, 0x72, 0x61, 0x6c, 0x64, 0x00, 0x04, 0x67, 0x6f, 0x6c,
  0x64, 0x00, 0x04, 0x69, 0x72, 0x6f, 0x6e, 0x00, 0x05, 0x6c, 0x61, 0x70,
  0x69, 0x73, 0x00, 0x09, 0x6e, 0x65, 0x74, 0x68, 0x65, 0x72, 0x69, 0x74,
  0x65, 0x00, 0x06, 0x71, 0x75, 0x61, 0x72, 0x74, 0x7a, 0x00, 0x08, 0x72,
  0x65, 0x64, 0x73, 0x74, 0x6f, 0x6e, 0x65, 0x00, 0x05, 0x72, 0x65, 0x73,
  0x69, 0x6e, 0x00, 0x54, 0x07, 0x0c, 0x77, 0x6f, 0x6c, 0x66, 0x5f, 0x76,
  0x61, 0x72, 0x69, 0x61, 0x6e, 0x74, 0x09, 0x05, 0x61, 0x73, 0x68, 0x65,
  0x6e, 0x00, 0x05, 0x62, 0x6c, 0x61, 0x63, 0x6b, 0x00, 0x08, 0x63, 0x68,
  0x65, 0x73, 0x74, 0x6e, 0x75, 0x74, 0x00, 0x04, 0x70, 0x61, 0x6c, 0x65,
  0x00, 0x05, 0x72, 0x75, 0x73, 0x74, 0x79, 0x00, 0x05, 0x73, 0x6e, 0x6f,
  0x77, 0x79, 0x00, 0x07, 0x73, 0x70, 0x6f, 0x74, 0x74, 0x65, 0x64, 0x00,
  0x07, 0x73, 0x74, 0x72, 0x69, 0x70, 0x65, 0x64, 0x00, 0x05, 0x77, 0x6f,
  0x6f, 0x64, 0x73, 0x00, 0x45, 0x07, 0x12, 0x77, 0x6f, 0x6c, 0x66, 0x5f,
  0x73, 0x6f, 0x75, 0x6e, 0x64, 0x5f, 0x76, 0x61, 0x72, 0x69, 0x61, 0x6e,
  0x74, 0x07, 0x05, 0x61, 0x6e, 0x67, 0x72, 0x79, 0x00, 0x03, 0x62, 0x69,
  0x67, 0x00, 0x07, 0x63, 0x6c, 0x61, 0x73, 0x73, 0x69, 0x63, 0x00, 0x04,
  0x63, 0x75, 0x74, 0x65, 0x00, 0x06, 0x67, 0x72, 0x75, 0x6d, 0x70, 0x79,
  0x00, 0x06, 0x70, 0x75, 0x67, 0x6c, 0x69, 0x6e, 0x00, 0x03, 0x73, 0x61,
  0x64, 0x00, 0x25, 0x07, 0x0b, 0x70, 0x69, 0x67, 0x5f, 0x76, 0x61, 0x72,
  0x69, 0x61, 0x6e, 0x74, 0x03, 0x04, 0x63, 0x6f, 0x6c, 0x64, 0x00, 0x09,
  0x74, 0x65, 0x6d, 0x70, 0x65, 0x72, 0x61, 0x74, 0x65, 0x00, 0x04, 0x77,
  0x61, 0x72, 0x6d, 0x00, 0x28, 0x07, 0x11, 0x70, 0x69, 0x67, 0x5f, 0x73,
  0x6f, 0x75, 0x6e, 0x64, 0x5f, 0x76, 0x61, 0x72, 0x69, 0x61, 0x6e, 0x74,
  0x03, 0x03, 0x62, 0x69, 0x67, 0x00, 0x07, 0x63, 0x6c, 0x61, 0x73, 0x73,
  0x69, 0x63, 0x00, 0x04, 0x6d, 0x69, 0x6e, 0x69, 0x00, 0x26, 0x07, 0x0c,
  0x66, 0x72, 0x6f, 0x67, 0x5f, 0x76, 0x61, 0x72, 0x69, 0x61, 0x6e, 0x74,
  0x03, 0x04, 0x63, 0x6f, 0x6c, 0x64, 0x00, 0x09, 0x74, 0x65, 0x6d, 0x70,
  0x65, 0x72, 0x61, 0x74, 0x65, 0x00, 0x04, 0x77, 0x61, 0x72, 0x6d, 0x00,
  0x71, 0x07, 0x0b, 0x63, 0x61, 0x74, 0x5f, 0x76, 0x61, 0x72, 0x69, 0x61,
  0x6e, 0x74, 0x0b, 0x09, 0x61, 0x6c, 0x6c, 0x5f, 0x62, 0x6c, 0x61, 0x63,
  0x6b, 0x00, 0x05, 0x62, 0x6c, 0x61, 0x63, 0x6b, 0x00, 0x11, 0x62, 0x72,
  0x69, 0x74, 0x69, 0x73, 0x68, 0x5f, 0x73, 0x68, 0x6f, 0x72, 0x74, 0x68,
  0x61, 0x69, 0x72, 0x00, 0x06, 0x63, 0x61, 0x6c, 0x69, 0x63, 0x6f, 0x00,
  0x06, 0x6a, 0x65, 0x6c, 0x6c, 0x69, 0x65, 0x00, 0x07, 0x70, 0x65, 0x72,
  0x73, 0x69, 0x61, 0x6e, 0x00, 0x07, 0x72, 0x61, 0x67, 0x64, 0x6f, 0x6c,
  0x6c, 0x00, 0x03, 0x72, 0x65, 0x64, 0x00, 0x07, 0x73, 0x69, 0x61, 0x6d,
  0x65, 0x73, 0x65, 0x00, 0x05, 0x74, 0x61, 0x62, 0x62, 0x79, 0x00, 0x05,
  0x77, 0x68, 0x69, 0x74, 0x65, 0x00, 0x24, 0x07, 0x11, 0x63, 0x61, 0x74,
  0x5f, 0x73, 0x6f, 0x75, 0x6e, 0x64, 0x5f, 0x76, 0x61, 0x72, 0x69, 0x61,
  0x6e, 0x74, 0x02, 0x07, 0x63, 0x6c, 0x61, 0x73, 0x73, 0x69, 0x63, 0x00,
  0x05, 0x72, 0x6f, 0x79, 0x61, 0x6c, 0x00, 0x24, 0x07, 0x11, 0x63, 0x6f,
  0x77, 0x5f, 0x73, 0x6f, 0x75, 0x6e, 0x64, 0x5f, 0x76, 0x61, 0x72, 0x69,
  0x61, 0x6e, 0x74, 0x02, 0x07, 0x63, 0x6c, 0x61, 0x73, 0x73, 0x69, 0x63,
  0x00, 0x05, 0x6d, 0x6f, 0x6f, 0x64, 0x79, 0x00, 0x25, 0x07, 0x0b, 0x63,
  0x6f, 0x77, 0x5f, 0x76, 0x61, 0x72, 0x69, 0x61, 0x6e, 0x74, 0x03, 0x04,
  0x63, 0x6f, 0x6c, 0x64, 0x00, 0x09, 0x74, 0x65, 0x6d, 0x70, 0x65, 0x72,
  0x61, 0x74, 0x65, 0x00, 0x04, 0x77, 0x61, 0x72, 0x6d, 0x00, 0x28, 0x07,
  0x15, 0x63, 0x68, 0x69, 0x63, 0x6b, 0x65, 0x6e, 0x5f, 0x73, 0x6f, 0x75,
  0x6e, 0x64, 0x5f, 0x76, 0x61, 0x72, 0x69, 0x61, 0x6e, 0x74, 0x02, 0x07,
  0x63, 0x6c, 0x61, 0x73, 0x73, 0x69, 0x63, 0x00, 0x05, 0x70, 0x69, 0x63,
  0x6b, 0x79, 0x00, 0x29, 0x07, 0x0f, 0x63, 0x68, 0x69, 0x63, 0x6b, 0x65,
  0x6e, 0x5f, 0x76, 0x61, 0x72, 0x69, 0x61, 0x6e, 0x74, 0x03, 0x04, 0x63,
  0x6f, 0x6c, 0x64, 0x00, 0x09, 0x74, 0x65, 0x6d, 0x70, 0x65, 0x72, 0x61,
  0x74, 0x65, 0x00, 0x04, 0x77, 0x61, 0x72, 0x6d, 0x00, 0x2b, 0x07, 0x17,
  0x7a, 0x6f, 0x6d, 0x62, 0x69, 0x65, 0x5f, 0x6e, 0x61, 0x75, 0x74, 0x69,
  0x6c, 0x75, 0x73, 0x5f, 0x76, 0x61, 0x72, 0x69, 0x61, 0x6e, 0x74, 0x02,
  0x09, 0x74, 0x65, 0x6d, 0x70, 0x65, 0x72, 0x61, 0x74, 0x65, 0x00, 0x04,
  0x77, 0x61, 0x72, 0x6d, 0x00, 0xcc, 0x03, 0x07, 0x10, 0x70, 0x61, 0x69,
  0x6e, 0x74, 0x69, 0x6e, 0x67, 0x5f, 0x76, 0x61, 0x72, 0x69, 0x61, 0x6e,
  0x74, 0x33, 0x05, 0x61, 0x6c, 0x62, 0x61, 0x6e, 0x00, 0x05, 0x61, 0x7a,
  0x74, 0x65, 0x63, 0x00, 0x06, 0x61, 0x7a, 0x74, 0x65, 0x63, 0x32, 0x00,
  0x08, 0x62, 0x61, 0x63, 0x6b, 0x79, 0x61, 0x72, 0x64, 0x00, 0x07, 0x62,
  0x61, 0x72, 0x6f, 0x71, 0x75, 0x65, 0x00, 0x04, 0x62, 0x6f, 0x6d, 0x62,
  0x00, 0x07, 0x62, 0x6f, 0x75, 0x71, 0x75, 0x65, 0x74, 0x00, 0x0d, 0x62,
  0x75, 0x72, 0x6e, 0x69, 0x6e, 0x67, 0x5f, 0x73, 0x6b, 0x75, 0x6c, 0x6c,
  0x00, 0x04, 0x62, 0x75, 0x73, 0x74, 0x00, 0x08, 0x63, 0x61, 0x76, 0x65,
  0x62, 0x69, 0x72, 0x64, 0x00, 0x08, 0x63, 0x68, 0x61, 0x6e, 0x67, 0x69,
  0x6e, 0x67, 0x00, 0x05, 0x63, 0x6f, 0x74, 0x61, 0x6e, 0x00, 0x07, 0x63,
  0x6f, 0x75, 0x72, 0x62, 0x65, 0x74, 0x00, 0x07, 0x63, 0x72, 0x65, 0x65,
  0x62, 0x65, 0x74, 0x00, 0x06, 0x64, 0x65, 0x6e, 0x6e, 0x69, 0x73, 0x00,
  0x0b, 0x64, 0x6f, 0x6e, 0x6b, 0x65, 0x79, 0x5f, 0x6b, 0x6f, 0x6e, 0x67,
  0x00, 0x05, 0x65, 0x61, 0x72, 0x74, 0x68, 0x00, 0x07, 0x65, 0x6e, 0x64,
  0x62, 0x6f, 0x73, 0x73, 0x00, 0x04, 0x66, 0x65, 0x72, 0x6e, 0x00, 0x08,
  0x66, 0x69, 0x67, 0x68, 0x74, 0x65, 0x72, 0x73, 0x00, 0x07, 0x66, 0x69,
  0x6e, 0x64, 0x69, 0x6e, 0x67, 0x00, 0x04, 0x66, 0x69, 0x72, 0x65, 0x00,
  0x06, 0x67, 0x72, 0x61, 0x68, 0x61, 0x6d, 0x00, 0x06, 0x68, 0x75, 0x6d,
  0x62, 0x6c, 0x65, 0x00, 0x05, 0x6b, 0x65, 0x62, 0x61, 0x62, 0x00, 0x07,
  0x6c, 0x6f, 0x77, 0x6d, 0x69, 0x73, 0x74, 0x00, 0x05, 0x6d, 0x61, 0x74,
  0x63, 0x68, 0x00, 0x0a, 0x6d, 0x65, 0x64, 0x69, 0x74, 0x61, 0x74, 0x69,
  0x76, 0x65, 0x00, 0x03, 0x6f, 0x72, 0x62, 0x00, 0x08, 0x6f, 0x77, 0x6c,
  0x65, 0x6d, 0x6f, 0x6e, 0x73, 0x00, 0x07, 0x70, 0x61, 0x73, 0x73, 0x61,
  0x67, 0x65, 0x00, 0x08, 0x70, 0x69, 0x67, 0x73, 0x63, 0x65, 0x6e, 0x65,
  0x00, 0x05, 0x70, 0x6c, 0x61, 0x6e, 0x74, 0x00, 0x07, 0x70, 0x6f, 0x69,
  0x6e, 0x74, 0x65, 0x72, 0x00, 0x04, 0x70, 0x6f, 0x6e, 0x64, 0x00, 0x04,
  0x70, 0x6f, 0x6f, 0x6c, 0x00, 0x0c, 0x70, 0x72, 0x61, 0x69, 0x72, 0x69,
  0x65, 0x5f, 0x72, 0x69, 0x64, 0x65, 0x00, 0x03, 0x73, 0x65, 0x61, 0x00,
  0x08, 0x73, 0x6b, 0x65, 0x6c, 0x65, 0x74, 0x6f, 0x6e, 0x00, 0x0f, 0x73,
  0x6b, 0x75, 0x6c, 0x6c, 0x5f, 0x61, 0x6e, 0x64, 0x5f, 0x72, 0x6f, 0x73,
  0x65, 0x73, 0x00, 0x05, 0x73, 0x74, 0x61, 0x67, 0x65, 0x00, 0x0a, 0x73,
  0x75, 0x6e, 0x66, 0x6c, 0x6f, 0x77, 0x65, 0x72, 0x73, 0x00, 0x06, 0x73,
  0x75, 0x6e, 0x73, 0x65, 0x74, 0x00, 0x05, 0x74, 0x69, 0x64, 0x65, 0x73,
  0x00, 0x08, 0x75, 0x6e, 0x70, 0x61, 0x63, 0x6b, 0x65, 0x64, 0x00, 0x04,
  0x76, 0x6f, 0x69, 0x64, 0x00, 0x08, 0x77, 0x61, 0x6e, 0x64, 0x65, 0x72,
  0x65, 0x72, 0x00, 0x09, 0x77, 0x61, 0x73, 0x74, 0x65, 0x6c, 0x61, 0x6e,
  0x64, 0x00, 0x05, 0x77, 0x61, 0x74, 0x65, 0x72, 0x00, 0x04, 0x77, 0x69,
  0x6e, 0x64, 0x00, 0x06, 0x77, 0x69, 0x74, 0x68, 0x65, 0x72, 0x00, 0x42,
  0x07, 0x0e, 0x64, 0x69, 0x6d, 0x65, 0x6e, 0x73, 0x69, 0x6f, 0x6e, 0x5f,
  0x74, 0x79, 0x70, 0x65, 0x04, 0x09, 0x6f, 0x76, 0x65, 0x72, 0x77, 0x6f,
  0x72, 0x6c, 0x64, 0x00, 0x0f, 0x6f, 0x76, 0x65, 0x72, 0x77, 0x6f, 0x72,
  0x6c, 0x64, 0x5f, 0x63, 0x61, 0x76, 0x65, 0x73, 0x00, 0x07, 0x74, 0x68,
  0x65, 0x5f, 0x65, 0x6e, 0x64, 0x00, 0x0a, 0x74, 0x68, 0x65, 0x5f, 0x6e,
  0x65, 0x74, 0x68, 0x65, 0x72, 0x00, 0xde, 0x04, 0x07, 0x0b, 0x64, 0x61,
  0x6d, 0x61, 0x67, 0x65, 0x5f, 0x74, 0x79, 0x70, 0x65, 0x32, 0x05, 0x61,
  0x72, 0x72, 0x6f, 0x77, 0x00, 0x11, 0x62, 0x61, 0x64, 0x5f, 0x72, 0x65,
  0x73, 0x70, 0x61, 0x77, 0x6e, 0x5f, 0x70, 0x6f, 0x69, 0x6e, 0x74, 0x00,
  0x06, 0x63, 0x61, 0x63, 0x74, 0x75, 0x73, 0x00, 0x08, 0x63, 0x61, 0x6d,
  0x70, 0x66, 0x69, 0x72, 0x65, 0x00, 0x08, 0x63, 0x72, 0x61, 0x6d, 0x6d,
  0x69, 0x6e, 0x67, 0x00, 0x0d, 0x64, 0x72, 0x61, 0x67, 0x6f, 0x6e, 0x5f,
  0x62, 0x72, 0x65, 0x61, 0x74, 0x68, 0x00, 0x05, 0x64, 0x72, 0x6f, 0x77,
  0x6e, 0x00, 0x07, 0x64, 0x72, 0x79, 0x5f, 0x6f, 0x75, 0x74, 0x00, 0x0b,
  0x65, 0x6e, 0x64, 0x65, 0x72, 0x5f, 0x70, 0x65, 0x61, 0x72, 0x6c, 0x00,
  0x09, 0x65, 0x78, 0x70, 0x6c, 0x6f, 0x73, 0x69, 0x6f, 0x6e, 0x00, 0x04,
  0x66, 0x61, 0x6c, 0x6c, 0x00, 0x0d, 0x66, 0x61, 0x6c, 0x6c, 0x69, 0x6e,
  0x67, 0x5f, 0x61, 0x6e, 0x76, 0x69, 0x6c, 0x00, 0x0d, 0x66, 0x61, 0x6c,
  0x6c, 0x69, 0x6e, 0x67, 0x5f, 0x62, 0x6c, 0x6f, 0x63, 0x6b, 0x00, 0x12,
  0x66, 0x61, 0x6c, 0x6c, 0x69, 0x6e, 0x67, 0x5f, 0x73, 0x74, 0x61, 0x6c,
  0x61, 0x63, 0x74, 0x69, 0x74, 0x65, 0x00, 0x08, 0x66, 0x69, 0x72, 0x65,
  0x62, 0x61, 0x6c, 0x6c, 0x00, 0x09, 0x66, 0x69, 0x72, 0x65, 0x77, 0x6f,
  0x72, 0x6b, 0x73, 0x00, 0x0d, 0x66, 0x6c, 0x79, 0x5f, 0x69, 0x6e, 0x74,
  0x6f, 0x5f, 0x77, 0x61, 0x6c, 0x6c, 0x00, 0x06, 0x66, 0x72, 0x65, 0x65,
  0x7a, 0x65, 0x00, 0x07, 0x67, 0x65, 0x6e, 0x65, 0x72, 0x69, 0x63, 0x00,
  0x0c, 0x67, 0x65, 0x6e, 0x65, 0x72, 0x69, 0x63, 0x5f, 0x6b, 0x69, 0x6c,
  0x6c, 0x00, 0x09, 0x68, 0x6f, 0x74, 0x5f, 0x66, 0x6c, 0x6f, 0x6f, 0x72,
  0x00, 0x07, 0x69, 0x6e, 0x5f, 0x66, 0x69, 0x72, 0x65, 0x00, 0x07, 0x69,
  0x6e, 0x5f, 0x77, 0x61, 0x6c, 0x6c, 0x00, 0x0e, 0x69, 0x6e, 0x64, 0x69,
  0x72, 0x65, 0x63, 0x74, 0x5f, 0x6d, 0x61, 0x67, 0x69, 0x63, 0x00, 0x04,
  0x6c, 0x61, 0x76, 0x61, 0x00, 0x0e, 0x6c, 0x69, 0x67, 0x68, 0x74, 0x6e,
  0x69, 0x6e, 0x67, 0x5f, 0x62, 0x6f, 0x6c, 0x74, 0x00, 0x0a, 0x6d, 0x61,
  0x63, 0x65, 0x5f, 0x73, 0x6d, 0x61, 0x73, 0x68, 0x00, 0x05, 0x6d, 0x61,
  0x67, 0x69, 0x63, 0x00, 0x0a, 0x6d, 0x6f, 0x62, 0x5f, 0x61, 0x74, 0x74,
  0x61, 0x63, 0x6b, 0x00, 0x13, 0x6d, 0x6f, 0x62, 0x5f, 0x61, 0x74, 0x74,
  0x61, 0x63, 0x6b, 0x5f, 0x6e, 0x6f, 0x5f, 0x61, 0x67, 0x67, 0x72, 0x6f,
  0x00, 0x0e, 0x6d, 0x6f, 0x62, 0x5f, 0x70, 0x72, 0x6f, 0x6a, 0x65, 0x63,
  0x74, 0x69, 0x6c, 0x65, 0x00, 0x07, 0x6f, 0x6e, 0x5f, 0x66, 0x69, 0x72,
  0x65, 0x00, 0x0c, 0x6f, 0x75, 0x74, 0x5f, 0x6f, 0x66, 0x5f, 0x77, 0x6f,
  0x72, 0x6c, 0x64, 0x00, 0x0e, 0x6f, 0x75, 0x74, 0x73, 0x69, 0x64, 0x65,
  0x5f, 0x62, 0x6f, 0x72, 0x64, 0x65, 0x72, 0x00, 0x0d, 0x70, 0x6c, 0x61,
  0x79, 0x65, 0x72, 0x5f, 0x61, 0x74, 0x74, 0x61, 0x63, 0x6b, 0x00, 0x10,
  0x70, 0x6c, 0x61, 0x79, 0x65, 0x72, 0x5f, 0x65, 0x78, 0x70, 0x6c, 0x6f,
  0x73, 0x69, 0x6f, 0x6e, 0x00, 0x0a, 0x73, 0x6f, 0x6e, 0x69, 0x63, 0x5f,
  0x62, 0x6f, 0x6f, 0x6d, 0x00, 0x05, 0x73, 0x70, 0x65, 0x61, 0x72, 0x00,
  0x04, 0x73, 0x70, 0x69, 0x74, 0x00, 0x0a, 0x73, 0x74, 0x61, 0x6c, 0x61,
  0x67, 0x6d, 0x69, 0x74, 0x65, 0x00, 0x06, 0x73, 0x74, 0x61, 0x72, 0x76,
  0x65, 0x00, 0x05, 0x73, 0x74, 0x69, 0x6e, 0x67, 0x00, 0x10, 0x73, 0x77,
  0x65, 0x65, 0x74, 0x5f, 0x62, 0x65, 0x72, 0x72, 0x79, 0x5f, 0x62, 0x75,
  0x73, 0x68, 0x00, 0x06, 0x74, 0x68, 0x6f, 0x72, 0x6e, 0x73, 0x00, 0x06,
  0x74, 0x68, 0x72, 0x6f, 0x77, 0x6e, 0x00, 0x07, 0x74, 0x72, 0x69, 0x64,
  0x65, 0x6e, 0x74, 0x00, 0x15, 0x75, 0x6e, 0x61, 0x74, 0x74, 0x72, 0x69,
  0x62, 0x75, 0x74, 0x65, 0x64, 0x5f, 0x66, 0x69, 0x72, 0x65, 0x62, 0x61,
  0x6c, 0x6c, 0x00, 0x0b, 0x77, 0x69, 0x6e, 0x64, 0x5f, 0x63, 0x68, 0x61,
  0x72, 0x67, 0x65, 0x00, 0x06, 0x77, 0x69, 0x74, 0x68, 0x65, 0x72, 0x00,
  0x0c, 0x77, 0x69, 0x74, 0x68, 0x65, 0x72, 0x5f, 0x73, 0x6b, 0x75, 0x6c,
  0x6c, 0x00, 0xd4, 0x04, 0x07, 0x0e, 0x62, 0x61, 0x6e, 0x6e, 0x65, 0x72,
  0x5f, 0x70, 0x61, 0x74, 0x74, 0x65, 0x72, 0x6e, 0x2b, 0x04, 0x62, 0x61,
  0x73, 0x65, 0x00, 0x06, 0x62, 0x6f, 0x72, 0x64, 0x65, 0x72, 0x00, 0x06,
  0x62, 0x72, 0x69, 0x63, 0x6b, 0x73, 0x00, 0x06, 0x63, 0x69, 0x72, 0x63,
  0x6c, 0x65, 0x00, 0x07, 0x63, 0x72, 0x65, 0x65, 0x70, 0x65, 0x72, 0x00,
  0x05, 0x63, 0x72, 0x6f, 0x73, 0x73, 0x00, 0x0c, 0x63, 0x75, 0x72, 0x6c,
  0x79, 0x5f, 0x62, 0x6f, 0x72, 0x64, 0x65, 0x72, 0x00, 0x0d, 0x64, 0x69,
  0x61, 0x67, 0x6f, 0x6e, 0x61, 0x6c, 0x5f, 0x6c, 0x65, 0x66, 0x74, 0x00,
  0x0e, 0x64, 0x69, 0x61, 0x67, 0x6f, 0x6e, 0x61, 0x6c, 0x5f, 0x72, 0x69,
  0x67, 0x68, 0x74, 0x00, 0x10, 0x64, 0x69, 0x61, 0x67, 0x6f, 0x6e, 0x61,
  0x6c, 0x5f, 0x75, 0x70, 0x5f, 0x6c, 0x65, 0x66, 0x74, 0x00, 0x11, 0x64,
  0x69, 0x61, 0x67, 0x6f, 0x6e, 0x61, 0x6c, 0x5f, 0x75, 0x70, 0x5f, 0x72,
  0x69, 0x67, 0x68, 0x74, 0x00, 0x04, 0x66, 0x6c, 0x6f, 0x77, 0x00, 0x06,
  0x66, 0x6c, 0x6f, 0x77, 0x65, 0x72, 0x00, 0x05, 0x67, 0x6c, 0x6f, 0x62,
  0x65, 0x00, 0x08, 0x67, 0x72, 0x61, 0x64, 0x69, 0x65, 0x6e, 0x74, 0x00,
  0x0b, 0x67, 0x72, 0x61, 0x64, 0x69, 0x65, 0x6e, 0x74, 0x5f, 0x75, 0x70,
  0x00, 0x06, 0x67, 0x75, 0x73, 0x74, 0x65, 0x72, 0x00, 0x0f, 0x68, 0x61,
  0x6c, 0x66, 0x5f, 0x68, 0x6f, 0x72, 0x69, 0x7a, 0x6f, 0x6e, 0x74, 0x61,
  0x6c, 0x00, 0x16, 0x68, 0x61, 0x6c, 0x66, 0x5f, 0x68, 0x6f, 0x72, 0x69,
  0x7a, 0x6f, 0x6e, 0x74, 0x61, 0x6c, 0x5f, 0x62, 0x6f, 0x74, 0x74, 0x6f,
  0x6d, 0x00, 0x0d, 0x68, 0x61, 0x6c, 0x66, 0x5f, 0x76, 0x65, 0x72, 0x74,
  0x69, 0x63, 0x61, 0x6c, 0x00, 0x13, 0x68, 0x61, 0x6c, 0x66, 0x5f, 0x76,
  0x65, 0x72, 0x74, 0x69, 0x63, 0x61, 0x6c, 0x5f, 0x72, 0x69, 0x67, 0x68,
  0x74, 0x00, 0x06, 0x6d, 0x6f, 0x6a, 0x61, 0x6e, 0x67, 0x00, 0x06, 0x70,
  0x69, 0x67, 0x6c, 0x69, 0x6e, 0x00, 0x07, 0x72, 0x68, 0x6f, 0x6d, 0x62,
  0x75, 0x73, 0x00, 0x05, 0x73, 0x6b, 0x75, 0x6c, 0x6c, 0x00, 0x0d, 0x73,
  0x6d, 0x61, 0x6c, 0x6c, 0x5f, 0x73, 0x74, 0x72, 0x69, 0x70, 0x65, 0x73,
  0x00, 0x12, 0x73, 0x71, 0x75, 0x61, 0x72, 0x65, 0x5f, 0x62, 0x6f, 0x74,
  0x74, 0x6f, 0x6d, 0x5f, 0x6c, 0x65, 0x66, 0x74, 0x00, 0x13, 0x73, 0x71,
  0x75, 0x61, 0x72, 0x65, 0x5f, 0x62, 0x6f, 0x74, 0x74, 0x6f, 0x6d, 0x5f,
  0x72, 0x69, 0x67, 0x68, 0x74, 0x00, 0x0f, 0x73, 0x71, 0x75, 0x61, 0x72,
  0x65, 0x5f, 0x74, 0x6f, 0x70, 0x5f, 0x6c, 0x65, 0x66, 0x74, 0x00, 0x10,
  0x73, 0x71, 0x75, 0x61, 0x72, 0x65, 0x5f, 0x74, 0x6f, 0x70, 0x5f, 0x72,
  0x69, 0x67, 0x68, 0x74, 0x00, 0x0e, 0x73, 0x74, 0x72, 0x61, 0x69, 0x67,
  0x68, 0x74, 0x5f, 0x63, 0x72, 0x6f, 0x73, 0x73, 0x00, 0x0d, 0x73, 0x74,
  0x72, 0x69, 0x70, 0x65, 0x5f, 0x62, 0x6f, 0x74, 0x74, 0x6f, 0x6d, 0x00,
  0x0d, 0x73, 0x74, 0x72, 0x69, 0x70, 0x65, 0x5f, 0x63, 0x65, 0x6e, 0x74,
  0x65, 0x72, 0x00, 0x0f, 0x73, 0x74, 0x72, 0x69, 0x70, 0x65, 0x5f, 0x64,
  0x6f, 0x77, 0x6e, 0x6c, 0x65, 0x66, 0x74, 0x00, 0x10, 0x73, 0x74, 0x72,
  0x69, 0x70, 0x65, 0x5f, 0x64, 0x6f, 0x77, 0x6e, 0x72, 0x69, 0x67, 0x68,
  0x74, 0x00, 0x0b, 0x73, 0x74, 0x72, 0x69, 0x70, 0x65, 0x5f, 0x6c, 0x65,
  0x66, 0x74, 0x00, 0x0d, 0x73, 0x74, 0x72, 0x69, 0x70, 0x65, 0x5f, 0x6d,
  0x69, 0x64, 0x64, 0x6c, 0x65, 0x00, 0x0c, 0x73, 0x74, 0x72, 0x69, 0x70,
  0x65, 0x5f, 0x72, 0x69, 0x67, 0x68, 0x74, 0x00, 0x0a, 0x73, 0x74, 0x72,
  0x69, 0x70, 0x65, 0x5f, 0x74, 0x6f, 0x70, 0x00, 0x0f, 0x74, 0x72, 0x69,
  0x61, 0x6e, 0x67, 0x6c, 0x65, 0x5f, 0x62, 0x6f, 0x74, 0x74, 0x6f, 0x6d,
  0x00, 0x0c, 0x74, 0x72, 0x69, 0x61, 0x6e, 0x67, 0x6c, 0x65, 0x5f, 0x74,
  0x6f, 0x70, 0x00, 0x10, 0x74, 0x72, 0x69, 0x61, 0x6e, 0x67, 0x6c, 0x65,
  0x73, 0x5f, 0x62, 0x6f, 0x74, 0x74, 0x6f, 0x6d, 0x00, 0x0d, 0x74, 0x72,
  0x69, 0x61, 0x6e, 0x67, 0x6c, 0x65, 0x73, 0x5f, 0x74, 0x6f, 0x70, 0x00,
  0x90, 0x04, 0x07, 0x0b, 0x65, 0x6e, 0x63, 0x68, 0x61, 0x6e, 0x74, 0x6d,
  0x65, 0x6e, 0x74, 0x2b, 0x0d, 0x61, 0x71, 0x75, 0x61, 0x5f, 0x61, 0x66,
  0x66, 0x69, 0x6e, 0x69, 0x74, 0x79, 0x00, 0x12, 0x62, 0x61, 0x6e, 0x65,
  0x5f, 0x6f, 0x66, 0x5f, 0x61, 0x72, 0x74, 0x68, 0x72, 0x6f, 0x70, 0x6f,
  0x64, 0x73, 0x00, 0x0d, 0x62, 0x69, 0x6e, 0x64, 0x69, 0x6e, 0x67, 0x5f,
  0x63, 0x75, 0x72, 0x73, 0x65, 0x00, 0x10, 0x62, 0x6c, 0x61, 0x73, 0x74,
  0x5f, 0x70, 0x72, 0x6f, 0x74, 0x65, 0x63, 0x74, 0x69, 0x6f, 0x6e, 0x00,
  0x06, 0x62, 0x72, 0x65, 0x61, 0x63, 0x68, 0x00, 0x0a, 0x63, 0x68, 0x61,
  0x6e, 0x6e, 0x65, 0x6c, 0x69, 0x6e, 0x67, 0x00, 0x07, 0x64, 0x65, 0x6e,
  0x73, 0x69, 0x74, 0x79, 0x00, 0x0d, 0x64, 0x65, 0x70, 0x74, 0x68, 0x5f,
  0x73, 0x74, 0x72, 0x69, 0x64, 0x65, 0x72, 0x00, 0x0a, 0x65, 0x66, 0x66,
  0x69, 0x63, 0x69, 0x65, 0x6e, 0x63, 0x79, 0x00, 0x0f, 0x66, 0x65, 0x61,
  0x74, 0x68, 0x65, 0x72, 0x5f, 0x66, 0x61, 0x6c, 0x6c, 0x69, 0x6e, 0x67,
  0x00, 0x0b, 0x66, 0x69, 0x72, 0x65, 0x5f, 0x61, 0x73, 0x70, 0x65, 0x63,
  0x74, 0x00, 0x0f, 0x66, 0x69, 0x72, 0x65, 0x5f, 0x70, 0x72, 0x6f, 0x74,
  0x65, 0x63, 0x74, 0x69, 0x6f, 0x6e, 0x00, 0x05, 0x66, 0x6c, 0x61, 0x6d,
  0x65, 0x00, 0x07, 0x66, 0x6f, 0x72, 0x74, 0x75, 0x6e, 0x65, 0x00, 0x0c,
  0x66, 0x72, 0x6f, 0x73, 0x74, 0x5f, 0x77, 0x61, 0x6c, 0x6b, 0x65, 0x72,
  0x00, 0x08, 0x69, 0x6d, 0x70, 0x61, 0x6c, 0x69, 0x6e, 0x67, 0x00, 0x08,
  0x69, 0x6e, 0x66, 0x69, 0x6e, 0x69, 0x74, 0x79, 0x00, 0x09, 0x6b, 0x6e,
  0x6f, 0x63, 0x6b, 0x62, 0x61, 0x63, 0x6b, 0x00, 0x07, 0x6c, 0x6f, 0x6f,
  0x74, 0x69, 0x6e, 0x67, 0x00, 0x07, 0x6c, 0x6f, 0x79, 0x61, 0x6c, 0x74,
  0x79, 0x00, 0x0f, 0x6c, 0x75, 0x63, 0x6b, 0x5f, 0x6f, 0x66, 0x5f, 0x74,
  0x68, 0x65, 0x5f, 0x73, 0x65, 0x61, 0x00, 0x05, 0x6c, 0x75, 0x6e, 0x67,
  0x65, 0x00, 0x04, 0x6c, 0x75, 0x72, 0x65, 0x00, 0x07, 0x6d, 0x65, 0x6e,
  0x64, 0x69, 0x6e, 0x67, 0x00, 0x09, 0x6d, 0x75, 0x6c, 0x74, 0x69, 0x73,
  0x68, 0x6f, 0x74, 0x00, 0x08, 0x70, 0x69, 0x65, 0x72, 0x63, 0x69, 0x6e,
  0x67, 0x00, 0x05, 0x70, 0x6f, 0x77, 0x65, 0x72, 0x00, 0x15, 0x70, 0x72,
  0x6f, 0x6a, 0x65, 0x63, 0x74, 0x69, 0x6c, 0x65, 0x5f, 0x70, 0x72, 0x6f,
  0x74, 0x65, 0x63, 0x74, 0x69, 0x6f, 0x6e, 0x00, 0x0a, 0x70, 0x72, 0x6f,
  0x74, 0x65, 0x63, 0x74, 0x69, 0x6f, 0x6e, 0x00, 0x05, 0x70, 0x75, 0x6e,
  0x63, 0x68, 0x00, 0x0c, 0x71, 0x75, 0x69, 0x63, 0x6b, 0x5f, 0x63, 0x68,
  0x61, 0x72, 0x67, 0x65, 0x00, 0x0b, 0x72, 0x65, 0x73, 0x70, 0x69, 0x72,
  0x61, 0x74, 0x69, 0x6f, 0x6e, 0x00, 0x07, 0x72, 0x69, 0x70, 0x74, 0x69,
  0x64, 0x65, 0x00, 0x09, 0x73, 0x68, 0x61, 0x72, 0x70, 0x6e, 0x65, 0x73,
  0x73, 0x00, 0x0a, 0x73, 0x69, 0x6c, 0x6b, 0x5f, 0x74, 0x6f, 0x75, 0x63,
  0x68, 0x00, 0x05, 0x73, 0x6d, 0x69, 0x74, 0x65, 0x00, 0x0a, 0x73, 0x6f,
  0x75, 0x6c, 0x5f, 0x73, 0x70, 0x65, 0x65, 0x64, 0x00, 0x0d, 0x73, 0x77,
  0x65, 0x65, 0x70, 0x69, 0x6e, 0x67, 0x5f, 0x65, 0x64, 0x67, 0x65, 0x00,
  0x0b, 0x73, 0x77, 0x69, 0x66, 0x74, 0x5f, 0x73, 0x6e, 0x65, 0x61, 0x6b,
  0x00, 0x06, 0x74, 0x68, 0x6f, 0x72, 0x6e, 0x73, 0x00, 0x0a, 0x75, 0x6e,
  0x62, 0x72, 0x65, 0x61, 0x6b, 0x69, 0x6e, 0x67, 0x00, 0x0f, 0x76, 0x61,
  0x6e, 0x69, 0x73, 0x68, 0x69, 0x6e, 0x67, 0x5f, 0x63, 0x75, 0x72, 0x73,
  0x65, 0x00, 0x0a, 0x77, 0x69, 0x6e, 0x64, 0x5f, 0x62, 0x75, 0x72, 0x73,
  0x74, 0x00, 0xb2, 0x01, 0x07, 0x0c, 0x6a, 0x75, 0x6b, 0x65, 0x62, 0x6f,
  0x78, 0x5f, 0x73, 0x6f, 0x6e, 0x67, 0x15, 0x02, 0x31, 0x31, 0x00, 0x02,
  0x31, 0x33, 0x00, 0x01, 0x35, 0x00, 0x06, 0x62, 0x6c, 0x6f, 0x63, 0x6b,
  0x73, 0x00, 0x03, 0x63, 0x61, 0x74, 0x00, 0x05, 0x63, 0x68, 0x69, 0x72,
  0x70, 0x00, 0x07, 0x63, 0x72, 0x65, 0x61, 0x74, 0x6f, 0x72, 0x00, 0x11,
  0x63, 0x72, 0x65, 0x61, 0x74, 0x6f, 0x72, 0x5f, 0x6d, 0x75, 0x73, 0x69,
  0x63, 0x5f, 0x62, 0x6f, 0x78, 0x00, 0x03, 0x66, 0x61, 0x72, 0x00, 0x0c,
  0x6c, 0x61, 0x76, 0x61, 0x5f, 0x63, 0x68, 0x69, 0x63, 0x6b, 0x65, 0x6e,
  0x00, 0x04, 0x6d, 0x61, 0x6c, 0x6c, 0x00, 0x07, 0x6d, 0x65, 0x6c, 0x6c,
  0x6f, 0x68, 0x69, 0x00, 0x09, 0x6f, 0x74, 0x68, 0x65, 0x72, 0x73, 0x69,
  0x64, 0x65, 0x00, 0x07, 0x70, 0x69, 0x67, 0x73, 0x74, 0x65, 0x70, 0x00,
  0x09, 0x70, 0x72, 0x65, 0x63, 0x69, 0x70, 0x69, 0x63, 0x65, 0x00, 0x05,
  0x72, 0x65, 0x6c, 0x69, 0x63, 0x00, 0x04, 0x73, 0x74, 0x61, 0x6c, 0x00,
  0x05, 0x73, 0x74, 0x72, 0x61, 0x64, 0x00, 0x05, 0x74, 0x65, 0x61, 0x72,
  0x73, 0x00, 0x04, 0x77, 0x61, 0x69, 0x74, 0x00, 0x04, 0x77, 0x61, 0x72,
  0x64, 0x00, 0x93, 0x01, 0x07, 0x0a, 0x69, 0x6e, 0x73, 0x74, 0x72, 0x75,
  0x6d, 0x65, 0x6e, 0x74, 0x08, 0x10, 0x61, 0x64, 0x6d, 0x69, 0x72, 0x65,
  0x5f, 0x67, 0x6f, 0x61, 0x74, 0x5f, 0x68, 0x6f, 0x72, 0x6e, 0x00, 0x0e,
  0x63, 0x61, 0x6c, 0x6c, 0x5f, 0x67, 0x6f, 0x61, 0x74, 0x5f, 0x68, 0x6f,
  0x72, 0x6e, 0x00, 0x0f, 0x64, 0x72, 0x65, 0x61, 0x6d, 0x5f, 0x67, 0x6f,
  0x61, 0x74, 0x5f, 0x68, 0x6f, 0x72, 0x6e, 0x00, 0x0e, 0x66, 0x65, 0x65,
  0x6c, 0x5f, 0x67, 0x6f, 0x61, 0x74, 0x5f, 0x68, 0x6f, 0x72, 0x6e, 0x00,
  0x10, 0x70, 0x6f, 0x6e, 0x64, 0x65, 0x72, 0x5f, 0x67, 0x6f, 0x61, 0x74,
  0x5f, 0x68, 0x6f, 0x72, 0x6e, 0x00, 0x0e, 0x73, 0x65, 0x65, 0x6b, 0x5f,
  0x67, 0x6f, 0x61, 0x74, 0x5f, 0x68, 0x6f, 0x72, 0x6e, 0x00, 0x0e, 0x73,
  0x69, 0x6e, 0x67, 0x5f, 0x67, 0x6f, 0x61, 0x74, 0x5f, 0x68, 0x6f, 0x72,
  0x6e, 0x00, 0x0f, 0x79, 0x65, 0x61, 0x72, 0x6e, 0x5f, 0x67, 0x6f, 0x61,
  0x74, 0x5f, 0x68, 0x6f, 0x72, 0x6e, 0x00, 0x1c, 0x07, 0x10, 0x74, 0x65,
  0x73, 0x74, 0x5f, 0x65, 0x6e, 0x76, 0x69, 0x72, 0x6f, 0x6e, 0x6d, 0x65,
  0x6e, 0x74, 0x01, 0x07, 0x64, 0x65, 0x66, 0x61, 0x75, 0x6c, 0x74, 0x00,
  0x1d, 0x07, 0x0d, 0x74, 0x65, 0x73, 0x74, 0x5f, 0x69, 0x6e, 0x73, 0x74,
  0x61, 0x6e, 0x63, 0x65, 0x01, 0x0b, 0x61, 0x6c, 0x77, 0x61, 0x79, 0x73,
  0x5f, 0x70, 0x61, 0x73, 0x73, 0x00, 0x36, 0x07, 0x06, 0x64, 0x69, 0x61,
  0x6c, 0x6f, 0x67, 0x03, 0x0e, 0x63, 0x75, 0x73, 0x74, 0x6f, 0x6d, 0x5f,
  0x6f, 0x70, 0x74, 0x69, 0x6f, 0x6e, 0x73, 0x00, 0x0d, 0x71, 0x75, 0x69,
  0x63, 0x6b, 0x5f, 0x61, 0x63, 0x74, 0x69, 0x6f, 0x6e, 0x73, 0x00, 0x0c,
  0x73, 0x65, 0x72, 0x76, 0x65, 0x72, 0x5f, 0x6c, 0x69, 0x6e, 0x6b, 0x73,
  0x00, 0x22, 0x07, 0x0b, 0x77, 0x6f, 0x72, 0x6c, 0x64, 0x5f, 0x63, 0x6c,
  0x6f, 0x63, 0x6b, 0x02, 0x09, 0x6f, 0x76, 0x65, 0x72, 0x77, 0x6f, 0x72,
  0x6c, 0x64, 0x00, 0x07, 0x74, 0x68, 0x65, 0x5f, 0x65, 0x6e, 0x64, 0x00,
  0x35, 0x07, 0x08, 0x74, 0x69, 0x6d, 0x65, 0x6c, 0x69, 0x6e, 0x65, 0x04,
  0x03, 0x64, 0x61, 0x79, 0x00, 0x0a, 0x65, 0x61, 0x72, 0x6c, 0x79, 0x5f,
  0x67, 0x61, 0x6d, 0x65, 0x00, 0x04, 0x6d, 0x6f, 0x6f, 0x6e, 0x00, 0x11,
  0x76, 0x69, 0x6c, 0x6c, 0x61, 0x67, 0x65, 0x72, 0x5f, 0x73, 0x63, 0x68,
  0x65, 0x64, 0x75, 0x6c, 0x65, 0x00
};
// "Update Tags" 包二进制内容
uint8_t tags_bin[] = {
  0xd5, 0xc7, 0x01, 0x0d, 0x0f, 0x0e, 0x62, 0x61, 0x6e, 0x6e, 0x65, 0x72,
  0x5f, 0x70, 0x61, 0x74, 0x74, 0x65, 0x72, 0x6e, 0x0b, 0x10, 0x6e, 0x6f,
  0x5f, 0x69, 0x74, 0x65, 0x6d, 0x5f, 0x72, 0x65, 0x71, 0x75, 0x69, 0x72,
  0x65, 0x64, 0x20, 0x1a, 0x1b, 0x1c, 0x1d, 0x1f, 0x26, 0x23, 0x25, 0x20,
  0x24, 0x22, 0x21, 0x19, 0x05, 0x1e, 0x27, 0x28, 0x29, 0x2a, 0x07, 0x0a,
  0x09, 0x08, 0x03, 0x17, 0x13, 0x11, 0x14, 0x12, 0x01, 0x0e, 0x0f, 0x1d,
  0x70, 0x61, 0x74, 0x74, 0x65, 0x72, 0x6e, 0x5f, 0x69, 0x74, 0x65, 0x6d,
  0x2f, 0x62, 0x6f, 0x72, 0x64, 0x75, 0x72, 0x65, 0x5f, 0x69, 0x6e, 0x64,
  0x65, 0x6e, 0x74, 0x65, 0x64, 0x01, 0x06, 0x14, 0x70, 0x61, 0x74, 0x74,
  0x65, 0x72, 0x6e, 0x5f, 0x69, 0x74, 0x65, 0x6d, 0x2f, 0x63, 0x72, 0x65,
  0x65, 0x70, 0x65, 0x72, 0x01, 0x04, 0x1a, 0x70, 0x61, 0x74, 0x74, 0x65,
  0x72, 0x6e, 0x5f, 0x69, 0x74, 0x65, 0x6d, 0x2f, 0x66, 0x69, 0x65, 0x6c,
  0x64, 0x5f, 0x6d, 0x61, 0x73, 0x6f, 0x6e, 0x65, 0x64, 0x01, 0x02, 0x11,
  0x70, 0x61, 0x74, 0x74, 0x65, 0x72, 0x6e, 0x5f, 0x69, 0x74, 0x65, 0x6d,
  0x2f, 0x66, 0x6c, 0x6f, 0x77, 0x01, 0x0b, 0x13, 0x70, 0x61, 0x74, 0x74,
  0x65, 0x72, 0x6e, 0x5f, 0x69, 0x74, 0x65, 0x6d, 0x2f, 0x66, 0x6c, 0x6f,
  0x77, 0x65, 0x72, 0x01, 0x0c, 0x12, 0x70, 0x61, 0x74, 0x74, 0x65, 0x72,
  0x6e, 0x5f, 0x69, 0x74, 0x65, 0x6d, 0x2f, 0x67, 0x6c, 0x6f, 0x62, 0x65,
  0x01, 0x0d, 0x13, 0x70, 0x61, 0x74, 0x74, 0x65, 0x72, 0x6e, 0x5f, 0x69,
  0x74, 0x65, 0x6d, 0x2f, 0x67, 0x75, 0x73, 0x74, 0x65, 0x72, 0x01, 0x10,
  0x13, 0x70, 0x61, 0x74, 0x74, 0x65, 0x72, 0x6e, 0x5f, 0x69, 0x74, 0x65,
  0x6d, 0x2f, 0x6d, 0x6f, 0x6a, 0x61, 0x6e, 0x67, 0x01, 0x15, 0x13, 0x70,
  0x61, 0x74, 0x74, 0x65, 0x72, 0x6e, 0x5f, 0x69, 0x74, 0x65, 0x6d, 0x2f,
  0x70, 0x69, 0x67, 0x6c, 0x69, 0x6e, 0x01, 0x16, 0x12, 0x70, 0x61, 0x74,
  0x74, 0x65, 0x72, 0x6e, 0x5f, 0x69, 0x74, 0x65, 0x6d, 0x2f, 0x73, 0x6b,
  0x75, 0x6c, 0x6c, 0x01, 0x18, 0x05, 0x62, 0x6c, 0x6f, 0x63, 0x6b, 0xf8,
  0x01, 0x0b, 0x61, 0x63, 0x61, 0x63, 0x69, 0x61, 0x5f, 0x6c, 0x6f, 0x67,
  0x73, 0x04, 0x35, 0x4b, 0x40, 0x53, 0x03, 0x61, 0x69, 0x72, 0x03, 0x00,
  0x9a, 0x06, 0x9b, 0x06, 0x11, 0x61, 0x6c, 0x6c, 0x5f, 0x68, 0x61, 0x6e,
  0x67, 0x69, 0x6e, 0x67, 0x5f, 0x73, 0x69, 0x67, 0x6e, 0x73, 0x18, 0xea,
  0x01, 0xeb, 0x01, 0xec, 0x01, 0xed, 0x01, 0xee, 0x01, 0xef, 0x01, 0xf0,
  0x01, 0xf1, 0x01, 0xf2, 0x01, 0xf3, 0x01, 0xf4, 0x01, 0xf5, 0x01, 0xf6,
  0x01, 0xf7, 0x01, 0xf8, 0x01, 0xf9, 0x01, 0xfa, 0x01, 0xfb, 0x01, 0xfc,
  0x01, 0xfd, 0x01, 0xff, 0x01, 0x80, 0x02, 0xfe, 0x01, 0x81, 0x02, 0x09,
  0x61, 0x6c, 0x6c, 0x5f, 0x73, 0x69, 0x67, 0x6e, 0x73, 0x30, 0xd2, 0x01,
  0xd3, 0x01, 0xd4, 0x01, 0xd5, 0x01, 0xd7, 0x01, 0xd8, 0x01, 0xd9, 0x01,
  0x85, 0x07, 0x86, 0x07, 0xda, 0x01, 0xdb, 0x01, 0xd6, 0x01, 0xe0, 0x01,
  0xe1, 0x01, 0xe2, 0x01, 0xe3, 0x01, 0xe5, 0x01, 0xe6, 0x01, 0xe7, 0x01,
  0x87, 0x07, 0x88, 0x07, 0xe8, 0x01, 0xe9, 0x01, 0xe4, 0x01, 0xea, 0x01,
  0xeb, 0x01, 0xec, 0x01, 0xed, 0x01, 0xee, 0x01, 0xef, 0x01, 0xf0, 0x01,
  0xf1, 0x01, 0xf2, 0x01, 0xf3, 0x01, 0xf4, 0x01, 0xf5, 0x01, 0xf6, 0x01,
  0xf7, 0x01, 0xf8, 0x01, 0xf9, 0x01, 0xfa, 0x01, 0xfb, 0x01, 0xfc, 0x01,
  0xfd, 0x01, 0xff, 0x01, 0x80, 0x02, 0xfe, 0x01, 0x81, 0x02, 0x18, 0x61,
  0x6e, 0x63, 0x69, 0x65, 0x6e, 0x74, 0x5f, 0x63, 0x69, 0x74, 0x79, 0x5f,
  0x72, 0x65, 0x70, 0x6c, 0x61, 0x63, 0x65, 0x61, 0x62, 0x6c, 0x65, 0x0c,
  0xe3, 0x08, 0xf0, 0x08, 0xec, 0x08, 0xf2, 0x08, 0xee, 0x08, 0xf1, 0x08,
  0xef, 0x08, 0xf3, 0x08, 0xe4, 0x08, 0xf5, 0x08, 0xf6, 0x08, 0x93, 0x01,
  0x14, 0x61, 0x6e, 0x69, 0x6d, 0x61, 0x6c, 0x73, 0x5f, 0x73, 0x70, 0x61,
  0x77, 0x6e, 0x61, 0x62, 0x6c, 0x65, 0x5f, 0x6f, 0x6e, 0x01, 0x08, 0x05,
  0x61, 0x6e, 0x76, 0x69, 0x6c, 0x03, 0xd3, 0x03, 0xd4, 0x03, 0xd5, 0x03,
  0x16, 0x61, 0x72, 0x6d, 0x61, 0x64, 0x69, 0x6c, 0x6c, 0x6f, 0x5f, 0x73,
  0x70, 0x61, 0x77, 0x6e, 0x61, 0x62, 0x6c, 0x65, 0x5f, 0x6f, 0x6e, 0x0a,
  0x08, 0xaa, 0x04, 0xe4, 0x03, 0xe8, 0x03, 0xe5, 0x03, 0xf2, 0x03, 0xf0,
  0x03, 0xec, 0x03, 0x27, 0x0a, 0x15, 0x61, 0x78, 0x6f, 0x6c, 0x6f, 0x74,
  0x6c, 0x73, 0x5f, 0x73, 0x70, 0x61, 0x77, 0x6e, 0x61, 0x62, 0x6c, 0x65,
  0x5f, 0x6f, 0x6e, 0x01, 0x99, 0x02, 0x0f, 0x61, 0x7a, 0x61, 0x6c, 0x65,
  0x61, 0x5f, 0x67, 0x72, 0x6f, 0x77, 0x73, 0x5f, 0x6f, 0x6e, 0x20, 0x09,
  0x0a, 0xe1, 0x08, 0xe2, 0x08, 0x3b, 0xdc, 0x08, 0x88, 0x09, 0x08, 0x0b,
  0xf5, 0x02, 0x25, 0x27, 0x26, 0xaa, 0x04, 0xe4, 0x03, 0xe5, 0x03, 0xe6,
  0x03, 0xe7, 0x03, 0xe8, 0x03, 0xe9, 0x03, 0xea, 0x03, 0xeb, 0x03, 0xec,
  0x03, 0xed, 0x03, 0xee, 0x03, 0xef, 0x03, 0xf0, 0x03, 0xf1, 0x03, 0xf2,
  0x03, 0xf3, 0x03, 0x96, 0x02, 0xe8, 0x07, 0x17, 0x61, 0x7a, 0x61, 0x6c,
  0x65, 0x61, 0x5f, 0x72, 0x6f, 0x6f, 0x74, 0x5f, 0x72, 0x65, 0x70, 0x6c,
  0x61, 0x63, 0x65, 0x61, 0x62, 0x6c, 0x65, 0x27, 0x01, 0x02, 0x04, 0x06,
  0xd8, 0x07, 0xe3, 0x08, 0x09, 0x0a, 0xe1, 0x08, 0xe2, 0x08, 0x3b, 0xdc,
  0x08, 0x88, 0x09, 0x08, 0x0b, 0xf5, 0x02, 0xaa, 0x04, 0xe4, 0x03, 0xe5,
  0x03, 0xe6, 0x03, 0xe7, 0x03, 0xe8, 0x03, 0xe9, 0x03, 0xea, 0x03, 0xeb,
  0x03, 0xec, 0x03, 0xed, 0x03, 0xee, 0x03, 0xef, 0x03, 0xf0, 0x03, 0xf1,
  0x03, 0xf2, 0x03, 0xf3, 0x03, 0x27, 0x99, 0x02, 0x28, 0x25, 0x96, 0x02,
  0xe8, 0x07, 0x13, 0x62, 0x61, 0x64, 0x6c, 0x61, 0x6e, 0x64, 0x73, 0x5f,
  0x74, 0x65, 0x72, 0x72, 0x61, 0x63, 0x6f, 0x74, 0x74, 0x61, 0x07, 0xaa,
  0x04, 0xe4, 0x03, 0xe8, 0x03, 0xe5, 0x03, 0xf2, 0x03, 0xf0, 0x03, 0xec,
  0x03, 0x0d, 0x62, 0x61, 0x6d, 0x62, 0x6f, 0x6f, 0x5f, 0x62, 0x6c, 0x6f,
  0x63, 0x6b, 0x73, 0x02, 0x3c, 0x46, 0x07, 0x62, 0x61, 0x6e, 0x6e, 0x65,
  0x72, 0x73, 0x20, 0xb3, 0x04, 0xb4, 0x04, 0xb5, 0x04, 0xb6, 0x04, 0xb7,
  0x04, 0xb8, 0x04, 0xb9, 0x04, 0xba, 0x04, 0xbb, 0x04, 0xbc, 0x04, 0xbd,
  0x04, 0xbe, 0x04, 0xbf, 0x04, 0xc0, 0x04, 0xc1, 0x04, 0xc2, 0x04, 0xc3,
  0x04, 0xc4, 0x04, 0xc5, 0x04, 0xc6, 0x04, 0xc7, 0x04, 0xc8, 0x04, 0xc9,
  0x04, 0xca, 0x04, 0xcb, 0x04, 0xcc, 0x04, 0xcd, 0x04, 0xce, 0x04, 0xcf,
  0x04, 0xd0, 0x04, 0xd1, 0x04, 0xd2, 0x04, 0x04, 0x62, 0x61, 0x72, 0x73,
  0x09, 0xd5, 0x02, 0xd6, 0x02, 0xda, 0x02, 0xd7, 0x02, 0xdb, 0x02, 0xd8,
  0x02, 0xdc, 0x02, 0xd9, 0x02, 0xdd, 0x02, 0x11, 0x62, 0x61, 0x73, 0x65,
  0x5f, 0x73, 0x74, 0x6f, 0x6e, 0x65, 0x5f, 0x6e, 0x65, 0x74, 0x68, 0x65,
  0x72, 0x03, 0x9d, 0x02, 0xa0, 0x02, 0x9c, 0x07, 0x14, 0x62, 0x61, 0x73,
  0x65, 0x5f, 0x73, 0x74, 0x6f, 0x6e, 0x65, 0x5f, 0x6f, 0x76, 0x65, 0x72,
  0x77, 0x6f, 0x72, 0x6c, 0x64, 0x06, 0x01, 0x02, 0x04, 0x06, 0xd8, 0x07,
  0xe3, 0x08, 0x11, 0x62, 0x61, 0x74, 0x73, 0x5f, 0x73, 0x70, 0x61, 0x77,
  0x6e, 0x61, 0x62, 0x6c, 0x65, 0x5f, 0x6f, 0x6e, 0x06, 0x01, 0x02, 0x04,
  0x06, 0xd8, 0x07, 0xe3, 0x08, 0x12, 0x62, 0x65, 0x61, 0x63, 0x6f, 0x6e,
  0x5f, 0x62, 0x61, 0x73, 0x65, 0x5f, 0x62, 0x6c, 0x6f, 0x63, 0x6b, 0x73,
  0x05, 0x93, 0x07, 0x93, 0x03, 0xcd, 0x01, 0xae, 0x01, 0xaf, 0x01, 0x04,
  0x62, 0x65, 0x64, 0x73, 0x10, 0x7c, 0x7d, 0x79, 0x7a, 0x77, 0x75, 0x7b,
  0x71, 0x76, 0x73, 0x70, 0x6f, 0x74, 0x78, 0x6e, 0x72, 0x0e, 0x62, 0x65,
  0x65, 0x5f, 0x61, 0x74, 0x74, 0x72, 0x61, 0x63, 0x74, 0x69, 0x76, 0x65,
  0x1d, 0x9d, 0x01, 0x8b, 0x09, 0xa0, 0x01, 0xa1, 0x01, 0xa2, 0x01, 0xa3,
  0x01, 0xa4, 0x01, 0xa5, 0x01, 0xa6, 0x01, 0xa7, 0x01, 0xa8, 0x01, 0xa9,
  0x01, 0xab, 0x01, 0xaa, 0x01, 0x9f, 0x01, 0xad, 0x04, 0xae, 0x04, 0xb0,
  0x04, 0xaf, 0x04, 0x98, 0x05, 0x62, 0xd7, 0x08, 0x21, 0x5d, 0xd9, 0x08,
  0xda, 0x08, 0x91, 0x05, 0xd5, 0x08, 0x98, 0x02, 0x0d, 0x62, 0x65, 0x65,
  0x5f, 0x67, 0x72, 0x6f, 0x77, 0x61, 0x62, 0x6c, 0x65, 0x73, 0x0b, 0x99,
  0x05, 0xb9, 0x03, 0xba, 0x03, 0xcf, 0x01, 0xed, 0x02, 0xec, 0x02, 0x96,
  0x05, 0x97, 0x05, 0xdd, 0x06, 0xd3, 0x08, 0xd4, 0x08, 0x08, 0x62, 0x65,
  0x65, 0x68, 0x69, 0x76, 0x65, 0x73, 0x02, 0x8f, 0x07, 0x90, 0x07, 0x21,
  0x62, 0x65, 0x6e, 0x65, 0x61, 0x74, 0x68, 0x5f, 0x62, 0x61, 0x6d, 0x62,
  0x6f, 0x6f, 0x5f, 0x70, 0x6f, 0x64, 0x7a, 0x6f, 0x6c, 0x5f, 0x72, 0x65,
  0x70, 0x6c, 0x61, 0x63, 0x65, 0x61, 0x62, 0x6c, 0x65, 0x0a, 0x09, 0x0a,
  0xe1, 0x08, 0xe2, 0x08, 0x3b, 0xdc, 0x08, 0x88, 0x09, 0x08, 0x0b, 0xf5,
  0x02, 0x1f, 0x62, 0x65, 0x6e, 0x65, 0x61, 0x74, 0x68, 0x5f, 0x74, 0x72,
  0x65, 0x65, 0x5f, 0x70, 0x6f, 0x64, 0x7a, 0x6f, 0x6c, 0x5f, 0x72, 0x65,
  0x70, 0x6c, 0x61, 0x63, 0x65, 0x61, 0x62, 0x6c, 0x65, 0x0a, 0x09, 0x0a,
  0xe1, 0x08, 0xe2, 0x08, 0x3b, 0xdc, 0x08, 0x88, 0x09, 0x08, 0x0b, 0xf5,
  0x02, 0x0a, 0x62, 0x69, 0x72, 0x63, 0x68, 0x5f, 0x6c, 0x6f, 0x67, 0x73,
  0x04, 0x33, 0x49, 0x3e, 0x51, 0x1d, 0x62, 0x6c, 0x6f, 0x63, 0x6b, 0x73,
  0x5f, 0x77, 0x69, 0x6e, 0x64, 0x5f, 0x63, 0x68, 0x61, 0x72, 0x67, 0x65,
  0x5f, 0x65, 0x78, 0x70, 0x6c, 0x6f, 0x73, 0x69, 0x6f, 0x6e, 0x73, 0x02,
  0x8c, 0x04, 0x22, 0x07, 0x62, 0x75, 0x74, 0x74, 0x6f, 0x6e, 0x73, 0x0e,
  0xbb, 0x03, 0xbc, 0x03, 0xbd, 0x03, 0xbe, 0x03, 0xbf, 0x03, 0xc1, 0x03,
  0xc2, 0x03, 0x81, 0x07, 0x82, 0x07, 0xc3, 0x03, 0xc4, 0x03, 0xc0, 0x03,
  0x93, 0x02, 0xab, 0x07, 0x1c, 0x63, 0x61, 0x6d, 0x65, 0x6c, 0x5f, 0x73,
  0x61, 0x6e, 0x64, 0x5f, 0x73, 0x74, 0x65, 0x70, 0x5f, 0x73, 0x6f, 0x75,
  0x6e, 0x64, 0x5f, 0x62, 0x6c, 0x6f, 0x63, 0x6b, 0x73, 0x13, 0x25, 0x27,
  0x26, 0xd6, 0x05, 0xd7, 0x05, 0xd8, 0x05, 0xd9, 0x05, 0xda, 0x05, 0xdb,
  0x05, 0xdc, 0x05, 0xdd, 0x05, 0xde, 0x05, 0xdf, 0x05, 0xe0, 0x05, 0xe1,
  0x05, 0xe2, 0x05, 0xe3, 0x05, 0xe4, 0x05, 0xe5, 0x05, 0x13, 0x63, 0x61,
  0x6d, 0x65, 0x6c, 0x73, 0x5f, 0x73, 0x70, 0x61, 0x77, 0x6e, 0x61, 0x62,
  0x6c, 0x65, 0x5f, 0x6f, 0x6e, 0x03, 0x25, 0x27, 0x26, 0x09, 0x63, 0x61,
  0x6d, 0x70, 0x66, 0x69, 0x72, 0x65, 0x73, 0x02, 0xdb, 0x06, 0xdc, 0x06,
  0x11, 0x63, 0x61, 0x6e, 0x5f, 0x67, 0x6c, 0x69, 0x64, 0x65, 0x5f, 0x74,
  0x68, 0x72, 0x6f, 0x75, 0x67, 0x68, 0x07, 0xee, 0x02, 0xf0, 0x06, 0xf1,
  0x06, 0xee, 0x06, 0xef, 0x06, 0xd4, 0x08, 0xd3, 0x08, 0x0c, 0x63, 0x61,
  0x6e, 0x64, 0x6c, 0x65, 0x5f, 0x63, 0x61, 0x6b, 0x65, 0x73, 0x11, 0xc1,
  0x07, 0xc2, 0x07, 0xc3, 0x07, 0xc4, 0x07, 0xc5, 0x07, 0xc6, 0x07, 0xc7,
  0x07, 0xc8, 0x07, 0xc9, 0x07, 0xca, 0x07, 0xcb, 0x07, 0xcc, 0x07, 0xcd,
  0x07, 0xce, 0x07, 0xcf, 0x07, 0xd0, 0x07, 0xd1, 0x07, 0x07, 0x63, 0x61,
  0x6e, 0x64, 0x6c, 0x65, 0x73, 0x11, 0xb0, 0x07, 0xb1, 0x07, 0xb2, 0x07,
  0xb3, 0x07, 0xb4, 0x07, 0xb5, 0x07, 0xb6, 0x07, 0xb7, 0x07, 0xb8, 0x07,
  0xb9, 0x07, 0xba, 0x07, 0xbb, 0x07, 0xbc, 0x07, 0xbd, 0x07, 0xbe, 0x07,
  0xbf, 0x07, 0xc0, 0x07, 0x1f, 0x63, 0x61, 0x6e, 0x6e, 0x6f, 0x74, 0x5f,
  0x72, 0x65, 0x70, 0x6c, 0x61, 0x63, 0x65, 0x5f, 0x62, 0x65, 0x6c, 0x6f,
  0x77, 0x5f, 0x74, 0x72, 0x65, 0x65, 0x5f, 0x74, 0x72, 0x75, 0x6e, 0x6b,
  0x08, 0x09, 0x0a, 0xe1, 0x08, 0xe2, 0x08, 0x3b, 0xdc, 0x08, 0x88, 0x09,
  0x0b, 0x13, 0x63, 0x61, 0x6e, 0x6e, 0x6f, 0x74, 0x5f, 0x73, 0x75, 0x70,
  0x70, 0x6f, 0x72, 0x74, 0x5f, 0x6b, 0x65, 0x6c, 0x70, 0x01, 0x9f, 0x05,
  0x17, 0x63, 0x61, 0x6e, 0x6e, 0x6f, 0x74, 0x5f, 0x73, 0x75, 0x70, 0x70,
  0x6f, 0x72, 0x74, 0x5f, 0x73, 0x65, 0x61, 0x67, 0x72, 0x61, 0x73, 0x73,
  0x01, 0x9f, 0x05, 0x19, 0x63, 0x61, 0x6e, 0x6e, 0x6f, 0x74, 0x5f, 0x73,
  0x75, 0x70, 0x70, 0x6f, 0x72, 0x74, 0x5f, 0x73, 0x6e, 0x6f, 0x77, 0x5f,
  0x6c, 0x61, 0x79, 0x65, 0x72, 0x03, 0x95, 0x02, 0xac, 0x04, 0x8c, 0x04,
  0x09, 0x63, 0x61, 0x75, 0x6c, 0x64, 0x72, 0x6f, 0x6e, 0x73, 0x04, 0x83,
  0x03, 0x84, 0x03, 0x85, 0x03, 0x86, 0x03, 0x0a, 0x63, 0x61, 0x76, 0x65,
  0x5f, 0x76, 0x69, 0x6e, 0x65, 0x73, 0x02, 0xd4, 0x08, 0xd3, 0x08, 0x15,
  0x63, 0x65, 0x69, 0x6c, 0x69, 0x6e, 0x67, 0x5f, 0x68, 0x61, 0x6e, 0x67,
  0x69, 0x6e, 0x67, 0x5f, 0x73, 0x69, 0x67, 0x6e, 0x73, 0x0c, 0xea, 0x01,
  0xeb, 0x01, 0xec, 0x01, 0xed, 0x01, 0xee, 0x01, 0xef, 0x01, 0xf0, 0x01,
  0xf1, 0x01, 0xf2, 0x01, 0xf3, 0x01, 0xf4, 0x01, 0xf5, 0x01, 0x06, 0x63,
  0x68, 0x61, 0x69, 0x6e, 0x73, 0x09, 0xde, 0x02, 0xdf, 0x02, 0xe3, 0x02,
  0xe0, 0x02, 0xe4, 0x02, 0xe1, 0x02, 0xe5, 0x02, 0xe2, 0x02, 0xe6, 0x02,
  0x0b, 0x63, 0x68, 0x65, 0x72, 0x72, 0x79, 0x5f, 0x6c, 0x6f, 0x67, 0x73,
  0x04, 0x36, 0x4c, 0x41, 0x54, 0x09, 0x63, 0x6c, 0x69, 0x6d, 0x62, 0x61,
  0x62, 0x6c, 0x65, 0x09, 0xdd, 0x01, 0xee, 0x02, 0xc5, 0x06, 0xee, 0x06,
  0xef, 0x06, 0xf0, 0x06, 0xf1, 0x06, 0xd3, 0x08, 0xd4, 0x08, 0x09, 0x63,
  0x6f, 0x61, 0x6c, 0x5f, 0x6f, 0x72, 0x65, 0x73, 0x02, 0x2e, 0x2f, 0x1d,
  0x63, 0x6f, 0x6d, 0x62, 0x69, 0x6e, 0x61, 0x74, 0x69, 0x6f, 0x6e, 0x5f,
  0x73, 0x74, 0x65, 0x70, 0x5f, 0x73, 0x6f, 0x75, 0x6e, 0x64, 0x5f, 0x62,
  0x6c, 0x6f, 0x63, 0x6b, 0x73, 0x17, 0x9a, 0x04, 0x9b, 0x04, 0x9c, 0x04,
  0x9d, 0x04, 0x9e, 0x04, 0x9f, 0x04, 0xa0, 0x04, 0xa1, 0x04, 0xa2, 0x04,
  0xa3, 0x04, 0xa4, 0x04, 0xa5, 0x04, 0xa6, 0x04, 0xa7, 0x04, 0xa8, 0x04,
  0xa9, 0x04, 0xd8, 0x08, 0x89, 0x09, 0x94, 0x02, 0xe6, 0x06, 0xe5, 0x06,
  0xf2, 0x06, 0xf0, 0x02, 0x1c, 0x63, 0x6f, 0x6d, 0x70, 0x6c, 0x65, 0x74,
  0x65, 0x73, 0x5f, 0x66, 0x69, 0x6e, 0x64, 0x5f, 0x74, 0x72, 0x65, 0x65,
  0x5f, 0x74, 0x75, 0x74, 0x6f, 0x72, 0x69, 0x61, 0x6c, 0x39, 0x37, 0x4d,
  0x42, 0x55, 0x38, 0x14, 0x43, 0x56, 0x31, 0x47, 0x44, 0x4f, 0x35, 0x4b,
  0x40, 0x53, 0x33, 0x49, 0x3e, 0x51, 0x34, 0x4a, 0x3f, 0x52, 0x32, 0x48,
  0x3d, 0x50, 0x39, 0x4e, 0x45, 0x57, 0x36, 0x4c, 0x41, 0x54, 0xe7, 0x06,
  0xe8, 0x06, 0xe9, 0x06, 0xea, 0x06, 0xde, 0x06, 0xdf, 0x06, 0xe0, 0x06,
  0xe1, 0x06, 0x5b, 0x58, 0x59, 0x5f, 0x5e, 0x5c, 0x5a, 0x61, 0x62, 0x60,
  0x5d, 0xa0, 0x05, 0xe4, 0x06, 0x0f, 0x63, 0x6f, 0x6e, 0x63, 0x72, 0x65,
  0x74, 0x65, 0x5f, 0x70, 0x6f, 0x77, 0x64, 0x65, 0x72, 0x10, 0xd6, 0x05,
  0xd7, 0x05, 0xd8, 0x05, 0xd9, 0x05, 0xda, 0x05, 0xdb, 0x05, 0xdc, 0x05,
  0xdd, 0x05, 0xde, 0x05, 0xdf, 0x05, 0xe0, 0x05, 0xe1, 0x05, 0xe2, 0x05,
  0xe3, 0x05, 0xe4, 0x05, 0xe5, 0x05, 0x12, 0x63, 0x6f, 0x6e, 0x76, 0x65,
  0x72, 0x74, 0x61, 0x62, 0x6c, 0x65, 0x5f, 0x74, 0x6f, 0x5f, 0x6d, 0x75,
  0x64, 0x03, 0x09, 0x0a, 0xe1, 0x08, 0x06, 0x63, 0x6f, 0x70, 0x70, 0x65,
  0x72, 0x08, 0xef, 0x07, 0xf0, 0x07, 0xf1, 0x07, 0xf2, 0x07, 0x89, 0x08,
  0x8b, 0x08, 0x8a, 0x08, 0x8c, 0x08, 0x0d, 0x63, 0x6f, 0x70, 0x70, 0x65,
  0x72, 0x5f, 0x63, 0x68, 0x65, 0x73, 0x74, 0x73, 0x08, 0xb9, 0x08, 0xba,
  0x08, 0xbb, 0x08, 0xbc, 0x08, 0xbd, 0x08, 0xbe, 0x08, 0xbf, 0x08, 0xc0,
  0x08, 0x14, 0x63, 0x6f, 0x70, 0x70, 0x65, 0x72, 0x5f, 0x67, 0x6f, 0x6c,
  0x65, 0x6d, 0x5f, 0x73, 0x74, 0x61, 0x74, 0x75, 0x65, 0x73, 0x08, 0xc1,
  0x08, 0xc2, 0x08, 0xc3, 0x08, 0xc4, 0x08, 0xc5, 0x08, 0xc6, 0x08, 0xc7,
  0x08, 0xc8, 0x08, 0x0b, 0x63, 0x6f, 0x70, 0x70, 0x65, 0x72, 0x5f, 0x6f,
  0x72, 0x65, 0x73, 0x02, 0xf3, 0x07, 0xf4, 0x07, 0x0c, 0x63, 0x6f, 0x72,
  0x61, 0x6c, 0x5f, 0x62, 0x6c, 0x6f, 0x63, 0x6b, 0x73, 0x05, 0xf1, 0x05,
  0xf2, 0x05, 0xf3, 0x05, 0xf4, 0x05, 0xf5, 0x05, 0x0c, 0x63, 0x6f, 0x72,
  0x61, 0x6c, 0x5f, 0x70, 0x6c, 0x61, 0x6e, 0x74, 0x73, 0x05, 0xfb, 0x05,
  0xfc, 0x05, 0xfd, 0x05, 0xfe, 0x05, 0xff, 0x05, 0x06, 0x63, 0x6f, 0x72,
  0x61, 0x6c, 0x73, 0x0a, 0xfb, 0x05, 0xfc, 0x05, 0xfd, 0x05, 0xfe, 0x05,
  0xff, 0x05, 0x85, 0x06, 0x86, 0x06, 0x87, 0x06, 0x88, 0x06, 0x89, 0x06,
  0x0d, 0x63, 0x72, 0x69, 0x6d, 0x73, 0x6f, 0x6e, 0x5f, 0x73, 0x74, 0x65,
  0x6d, 0x73, 0x04, 0xe7, 0x06, 0xe8, 0x06, 0xe9, 0x06, 0xea, 0x06, 0x05,
  0x63, 0x72, 0x6f, 0x70, 0x73, 0x08, 0x99, 0x05, 0xb9, 0x03, 0xba, 0x03,
  0xcf, 0x01, 0xed, 0x02, 0xec, 0x02, 0x96, 0x05, 0x97, 0x05, 0x14, 0x63,
  0x72, 0x79, 0x73, 0x74, 0x61, 0x6c, 0x5f, 0x73, 0x6f, 0x75, 0x6e, 0x64,
  0x5f, 0x62, 0x6c, 0x6f, 0x63, 0x6b, 0x73, 0x02, 0xd2, 0x07, 0xd3, 0x07,
  0x12, 0x64, 0x61, 0x6d, 0x70, 0x65, 0x6e, 0x73, 0x5f, 0x76, 0x69, 0x62,
  0x72, 0x61, 0x74, 0x69, 0x6f, 0x6e, 0x73, 0x20, 0x8c, 0x01, 0x8d, 0x01,
  0x8e, 0x01, 0x8f, 0x01, 0x90, 0x01, 0x91, 0x01, 0x92, 0x01, 0x93, 0x01,
  0x94, 0x01, 0x95, 0x01, 0x96, 0x01, 0x97, 0x01, 0x98, 0x01, 0x99, 0x01,
  0x9a, 0x01, 0x9b, 0x01, 0x9a, 0x04, 0x9b, 0x04, 0x9c, 0x04, 0x9d, 0x04,
  0x9e, 0x04, 0x9f, 0x04, 0xa0, 0x04, 0xa1, 0x04, 0xa2, 0x04, 0xa3, 0x04,
  0xa4, 0x04, 0xa5, 0x04, 0xa6, 0x04, 0xa7, 0x04, 0xa8, 0x04, 0xa9, 0x04,
  0x0d, 0x64, 0x61, 0x72, 0x6b, 0x5f, 0x6f, 0x61, 0x6b, 0x5f, 0x6c, 0x6f,
  0x67, 0x73, 0x04, 0x37, 0x4d, 0x42, 0x55, 0x1a, 0x64, 0x65, 0x65, 0x70,
  0x73, 0x6c, 0x61, 0x74, 0x65, 0x5f, 0x6f, 0x72, 0x65, 0x5f, 0x72, 0x65,
  0x70, 0x6c, 0x61, 0x63, 0x65, 0x61, 0x62, 0x6c, 0x65, 0x73, 0x02, 0xe3,
  0x08, 0xd8, 0x07, 0x0c, 0x64, 0x69, 0x61, 0x6d, 0x6f, 0x6e, 0x64, 0x5f,
  0x6f, 0x72, 0x65, 0x73, 0x02, 0xcb, 0x01, 0xcc, 0x01, 0x04, 0x64, 0x69,
  0x72, 0x74, 0x03, 0x09, 0x0a, 0xe1, 0x08, 0x16, 0x64, 0x6f, 0x65, 0x73,
  0x5f, 0x6e, 0x6f, 0x74, 0x5f, 0x62, 0x6c, 0x6f, 0x63, 0x6b, 0x5f, 0x68,
  0x6f, 0x70, 0x70, 0x65, 0x72, 0x73, 0x02, 0x8f, 0x07, 0x90, 0x07, 0x05,
  0x64, 0x6f, 0x6f, 0x72, 0x73, 0x15, 0xdc, 0x01, 0x86, 0x05, 0x87, 0x05,
  0x88, 0x05, 0x89, 0x05, 0x8b, 0x05, 0x8c, 0x05, 0x83, 0x07, 0x84, 0x07,
  0x8d, 0x05, 0x8e, 0x05, 0x8a, 0x05, 0x99, 0x08, 0x9a, 0x08, 0x9c, 0x08,
  0x9b, 0x08, 0x9d, 0x08, 0x9e, 0x08, 0xa0, 0x08, 0x9f, 0x08, 0x84, 0x02,
  0x0d, 0x64, 0x72, 0x61, 0x67, 0x6f, 0x6e, 0x5f, 0x69, 0x6d, 0x6d, 0x75,
  0x6e, 0x65, 0x13, 0x8c, 0x04, 0x22, 0x87, 0x03, 0x88, 0x03, 0x9b, 0x05,
  0x97, 0x03, 0x9c, 0x05, 0x9d, 0x05, 0x89, 0x07, 0x8a, 0x07, 0x9c, 0x01,
  0xc1, 0x01, 0x95, 0x07, 0x89, 0x03, 0xd5, 0x02, 0x96, 0x07, 0x82, 0x09,
  0x8b, 0x07, 0x8c, 0x07, 0x12, 0x64, 0x72, 0x61, 0x67, 0x6f, 0x6e, 0x5f,
  0x74, 0x72, 0x61, 0x6e, 0x73, 0x70, 0x61, 0x72, 0x65, 0x6e, 0x74, 0x03,
  0x8d, 0x04, 0xc4, 0x01, 0xc5, 0x01, 0x1c, 0x64, 0x72, 0x69, 0x70, 0x73,
  0x74, 0x6f, 0x6e, 0x65, 0x5f, 0x72, 0x65, 0x70, 0x6c, 0x61, 0x63, 0x65,
  0x61, 0x62, 0x6c, 0x65, 0x5f, 0x62, 0x6c, 0x6f, 0x63, 0x6b, 0x73, 0x06,
  0x01, 0x02, 0x04, 0x06, 0xd8, 0x07, 0xe3, 0x08, 0x10, 0x65, 0x64, 0x69,
  0x62, 0x6c, 0x65, 0x5f, 0x66, 0x6f, 0x72, 0x5f, 0x73, 0x68, 0x65, 0x65,
  0x70, 0x04, 0x82, 0x01, 0x86, 0x01, 0x87, 0x01, 0x83, 0x01, 0x0c, 0x65,
  0x6d, 0x65, 0x72, 0x61, 0x6c, 0x64, 0x5f, 0x6f, 0x72, 0x65, 0x73, 0x02,
  0x8e, 0x03, 0x8f, 0x03, 0x1f, 0x65, 0x6e, 0x61, 0x62, 0x6c, 0x65, 0x73,
  0x5f, 0x62, 0x75, 0x62, 0x62, 0x6c, 0x65, 0x5f, 0x63, 0x6f, 0x6c, 0x75,
  0x6d, 0x6e, 0x5f, 0x64, 0x72, 0x61, 0x67, 0x5f, 0x64, 0x6f, 0x77, 0x6e,
  0x01, 0x9f, 0x05, 0x1d, 0x65, 0x6e, 0x61, 0x62, 0x6c, 0x65, 0x73, 0x5f,
  0x62, 0x75, 0x62, 0x62, 0x6c, 0x65, 0x5f, 0x63, 0x6f, 0x6c, 0x75, 0x6d,
  0x6e, 0x5f, 0x70, 0x75, 0x73, 0x68, 0x5f, 0x75, 0x70, 0x01, 0x9e, 0x02,
  0x1a, 0x65, 0x6e, 0x63, 0x68, 0x61, 0x6e, 0x74, 0x6d, 0x65, 0x6e, 0x74,
  0x5f, 0x70, 0x6f, 0x77, 0x65, 0x72, 0x5f, 0x70, 0x72, 0x6f, 0x76, 0x69,
  0x64, 0x65, 0x72, 0x01, 0xb2, 0x01, 0x1d, 0x65, 0x6e, 0x63, 0x68, 0x61,
  0x6e, 0x74, 0x6d, 0x65, 0x6e, 0x74, 0x5f, 0x70, 0x6f, 0x77, 0x65, 0x72,
  0x5f, 0x74, 0x72, 0x61, 0x6e, 0x73, 0x6d, 0x69, 0x74, 0x74, 0x65, 0x72,
  0x1d, 0x00, 0x23, 0x24, 0x82, 0x01, 0x83, 0x01, 0x84, 0x01, 0x85, 0x01,
  0x86, 0x01, 0x87, 0x01, 0x88, 0x01, 0x89, 0x01, 0xc4, 0x01, 0xc5, 0x01,
  0x94, 0x02, 0xee, 0x02, 0xef, 0x02, 0xf0, 0x02, 0x8d, 0x04, 0xb1, 0x04,
  0xb2, 0x04, 0xa3, 0x05, 0x9a, 0x06, 0x9b, 0x06, 0x9c, 0x06, 0xe5, 0x06,
  0xe6, 0x06, 0xf2, 0x06, 0xdb, 0x08, 0xe0, 0x08, 0x11, 0x65, 0x6e, 0x64,
  0x65, 0x72, 0x6d, 0x61, 0x6e, 0x5f, 0x68, 0x6f, 0x6c, 0x64, 0x61, 0x62,
  0x6c, 0x65, 0x2d, 0x9d, 0x01, 0x8b, 0x09, 0xa0, 0x01, 0xa1, 0x01, 0xa2,
  0x01, 0xa3, 0x01, 0xa4, 0x01, 0xa5, 0x01, 0xa6, 0x01, 0xa7, 0x01, 0xa8,
  0x01, 0xa9, 0x01, 0xab, 0x01, 0xaa, 0x01, 0x9f, 0x01, 0x8c, 0x09, 0x9e,
  0x01, 0x09, 0x0a, 0xe1, 0x08, 0xe2, 0x08, 0x3b, 0xdc, 0x08, 0x88, 0x09,
  0x08, 0x0b, 0xf5, 0x02, 0x25, 0x27, 0x28, 0xac, 0x01, 0xad, 0x01, 0xb1,
  0x01, 0x97, 0x02, 0x99, 0x02, 0xe8, 0x02, 0xa8, 0x02, 0xe9, 0x02, 0xec,
  0x06, 0xeb, 0x06, 0xf2, 0x06, 0xe3, 0x06, 0xe2, 0x06, 0xe5, 0x06, 0x98,
  0x02, 0x15, 0x66, 0x61, 0x6c, 0x6c, 0x5f, 0x64, 0x61, 0x6d, 0x61, 0x67,
  0x65, 0x5f, 0x72, 0x65, 0x73, 0x65, 0x74, 0x74, 0x69, 0x6e, 0x67, 0x0b,
  0xdd, 0x01, 0xee, 0x02, 0xc5, 0x06, 0xee, 0x06, 0xef, 0x06, 0xf0, 0x06,
  0xf1, 0x06, 0xd3, 0x08, 0xd4, 0x08, 0xdd, 0x06, 0x81, 0x01, 0x17, 0x66,
  0x65, 0x61, 0x74, 0x75, 0x72, 0x65, 0x73, 0x5f, 0x63, 0x61, 0x6e, 0x6e,
  0x6f, 0x74, 0x5f, 0x72, 0x65, 0x70, 0x6c, 0x61, 0x63, 0x65, 0x07, 0x22,
  0xc6, 0x01, 0xc9, 0x01, 0x88, 0x03, 0x82, 0x09, 0x85, 0x09, 0x86, 0x09,
  0x0b, 0x66, 0x65, 0x6e, 0x63, 0x65, 0x5f, 0x67, 0x61, 0x74, 0x65, 0x73,
  0x0c, 0xf7, 0x04, 0xf5, 0x04, 0xf9, 0x04, 0xfa, 0x04, 0xf6, 0x04, 0xf1,
  0x02, 0xf4, 0x04, 0xfd, 0x06, 0xfe, 0x06, 0xfb, 0x04, 0xfc, 0x04, 0xf8,
  0x04, 0x06, 0x66, 0x65, 0x6e, 0x63, 0x65, 0x73, 0x0d, 0x9c, 0x02, 0x80,
  0x05, 0x82, 0x05, 0x83, 0x05, 0xfd, 0x04, 0xfe, 0x04, 0xff, 0x04, 0xf9,
  0x06, 0xfa, 0x06, 0x84, 0x05, 0x85, 0x05, 0x81, 0x05, 0xfe, 0x02, 0x04,
  0x66, 0x69, 0x72, 0x65, 0x02, 0xc4, 0x01, 0xc5, 0x01, 0x0b, 0x66, 0x6c,
  0x6f, 0x77, 0x65, 0x72, 0x5f, 0x70, 0x6f, 0x74, 0x73, 0x27, 0x9b, 0x03,
  0x8d, 0x09, 0x8e, 0x09, 0xa9, 0x03, 0xaa, 0x03, 0xab, 0x03, 0xac, 0x03,
  0xad, 0x03, 0xae, 0x03, 0xaf, 0x03, 0xb0, 0x03, 0xb1, 0x03, 0xa7, 0x03,
  0x9d, 0x03, 0x9e, 0x03, 0x9f, 0x03, 0xa0, 0x03, 0xa1, 0x03, 0xa3, 0x03,
  0xa4, 0x03, 0xb5, 0x03, 0xb6, 0x03, 0xb7, 0x03, 0xa6, 0x03, 0xb8, 0x03,
  0xb2, 0x03, 0xb3, 0x03, 0xb4, 0x03, 0x99, 0x06, 0x97, 0x07, 0x98, 0x07,
  0x99, 0x07, 0x9a, 0x07, 0xfc, 0x08, 0xfd, 0x08, 0xa5, 0x03, 0xa2, 0x03,
  0x9c, 0x03, 0xa8, 0x03, 0x07, 0x66, 0x6c, 0x6f, 0x77, 0x65, 0x72, 0x73,
  0x1f, 0x9d, 0x01, 0x8b, 0x09, 0xa0, 0x01, 0xa1, 0x01, 0xa2, 0x01, 0xa3,
  0x01, 0xa4, 0x01, 0xa5, 0x01, 0xa6, 0x01, 0xa7, 0x01, 0xa8, 0x01, 0xa9,
  0x01, 0xab, 0x01, 0xaa, 0x01, 0x9f, 0x01, 0x8c, 0x09, 0x9e, 0x01, 0xad,
  0x04, 0xae, 0x04, 0xb0, 0x04, 0xaf, 0x04, 0x98, 0x05, 0x62, 0xd7, 0x08,
  0x21, 0x5d, 0xd9, 0x08, 0xda, 0x08, 0x91, 0x05, 0xd5, 0x08, 0x98, 0x02,
  0x18, 0x66, 0x6f, 0x72, 0x65, 0x73, 0x74, 0x5f, 0x72, 0x6f, 0x63, 0x6b,
  0x5f, 0x63, 0x61, 0x6e, 0x5f, 0x70, 0x6c, 0x61, 0x63, 0x65, 0x5f, 0x6f,
  0x6e, 0x10, 0x09, 0x0a, 0xe1, 0x08, 0xe2, 0x08, 0x3b, 0xdc, 0x08, 0x88,
  0x09, 0x08, 0x0b, 0xf5, 0x02, 0x01, 0x02, 0x04, 0x06, 0xd8, 0x07, 0xe3,
  0x08, 0x12, 0x66, 0x6f, 0x78, 0x65, 0x73, 0x5f, 0x73, 0x70, 0x61, 0x77,
  0x6e, 0x61, 0x62, 0x6c, 0x65, 0x5f, 0x6f, 0x6e, 0x05, 0x08, 0x94, 0x02,
  0x96, 0x02, 0x0b, 0x0a, 0x13, 0x66, 0x72, 0x6f, 0x67, 0x5f, 0x70, 0x72,
  0x65, 0x66, 0x65, 0x72, 0x5f, 0x6a, 0x75, 0x6d, 0x70, 0x5f, 0x74, 0x6f,
  0x02, 0xf6, 0x02, 0xdd, 0x08, 0x12, 0x66, 0x72, 0x6f, 0x67, 0x73, 0x5f,
  0x73, 0x70, 0x61, 0x77, 0x6e, 0x61, 0x62, 0x6c, 0x65, 0x5f, 0x6f, 0x6e,
  0x04, 0x08, 0xe2, 0x08, 0x3a, 0x3b, 0x14, 0x67, 0x65, 0x6f, 0x64, 0x65,
  0x5f, 0x69, 0x6e, 0x76, 0x61, 0x6c, 0x69, 0x64, 0x5f, 0x62, 0x6c, 0x6f,
  0x63, 0x6b, 0x73, 0x06, 0x22, 0x23, 0x24, 0x95, 0x02, 0xac, 0x04, 0x95,
  0x06, 0x12, 0x67, 0x6f, 0x61, 0x74, 0x73, 0x5f, 0x73, 0x70, 0x61, 0x77,
  0x6e, 0x61, 0x62, 0x6c, 0x65, 0x5f, 0x6f, 0x6e, 0x06, 0x08, 0x01, 0x94,
  0x02, 0x96, 0x02, 0xac, 0x04, 0x28, 0x09, 0x67, 0x6f, 0x6c, 0x64, 0x5f,
  0x6f, 0x72, 0x65, 0x73, 0x03, 0x2a, 0x30, 0x2b, 0x0c, 0x67, 0x72, 0x61,
  0x73, 0x73, 0x5f, 0x62, 0x6c, 0x6f, 0x63, 0x6b, 0x73, 0x03, 0x08, 0x0b,
  0xf5, 0x02, 0x0b, 0x67, 0x72, 0x6f, 0x77, 0x73, 0x5f, 0x63, 0x72, 0x6f,
  0x70, 0x73, 0x01, 0xd0, 0x01, 0x12, 0x67, 0x75, 0x61, 0x72, 0x64, 0x65,
  0x64, 0x5f, 0x62, 0x79, 0x5f, 0x70, 0x69, 0x67, 0x6c, 0x69, 0x6e, 0x73,
  0x23, 0xb9, 0x08, 0xba, 0x08, 0xbb, 0x08, 0xbc, 0x08, 0xbd, 0x08, 0xbe,
  0x08, 0xbf, 0x08, 0xc0, 0x08, 0xae, 0x01, 0xc7, 0x06, 0xc9, 0x01, 0x90,
  0x03, 0xa7, 0x07, 0xd6, 0x03, 0xfb, 0x08, 0xa5, 0x05, 0xb5, 0x05, 0xb1,
  0x05, 0xb2, 0x05, 0xaf, 0x05, 0xad, 0x05, 0xb3, 0x05, 0xa9, 0x05, 0xae,
  0x05, 0xab, 0x05, 0xa8, 0x05, 0xa7, 0x05, 0xac, 0x05, 0xb0, 0x05, 0xb4,
  0x05, 0xa6, 0x05, 0xaa, 0x05, 0x2a, 0x30, 0x2b, 0x12, 0x68, 0x61, 0x70,
  0x70, 0x79, 0x5f, 0x67, 0x68, 0x61, 0x73, 0x74, 0x5f, 0x61, 0x76, 0x6f,
  0x69, 0x64, 0x73, 0x06, 0xdd, 0x06, 0x97, 0x02, 0xaa, 0x01, 0x9f, 0x05,
  0xc4, 0x01, 0xd1, 0x08, 0x11, 0x68, 0x6f, 0x67, 0x6c, 0x69, 0x6e, 0x5f,
  0x72, 0x65, 0x70, 0x65, 0x6c, 0x6c, 0x65, 0x6e, 0x74, 0x73, 0x04, 0xe3,
  0x06, 0x98, 0x07, 0xa7, 0x02, 0x96, 0x07, 0x20, 0x68, 0x75, 0x67, 0x65,
  0x5f, 0x62, 0x72, 0x6f, 0x77, 0x6e, 0x5f, 0x6d, 0x75, 0x73, 0x68, 0x72,
  0x6f, 0x6f, 0x6d, 0x5f, 0x63, 0x61, 0x6e, 0x5f, 0x70, 0x6c, 0x61, 0x63,
  0x65, 0x5f, 0x6f, 0x6e, 0x0c, 0x09, 0x0a, 0xe1, 0x08, 0xe2, 0x08, 0x3b,
  0xdc, 0x08, 0x88, 0x09, 0x08, 0x0b, 0xf5, 0x02, 0xeb, 0x06, 0xe2, 0x06,
  0x1e, 0x68, 0x75, 0x67, 0x65, 0x5f, 0x72, 0x65, 0x64, 0x5f, 0x6d, 0x75,
  0x73, 0x68, 0x72, 0x6f, 0x6f, 0x6d, 0x5f, 0x63, 0x61, 0x6e, 0x5f, 0x70,
  0x6c, 0x61, 0x63, 0x65, 0x5f, 0x6f, 0x6e, 0x0c, 0x09, 0x0a, 0xe1, 0x08,
  0xe2, 0x08, 0x3b, 0xdc, 0x08, 0x88, 0x09, 0x08, 0x0b, 0xf5, 0x02, 0xeb,
  0x06, 0xe2, 0x06, 0x03, 0x69, 0x63, 0x65, 0x04, 0x95, 0x02, 0xac, 0x04,
  0x95, 0x06, 0x9e, 0x05, 0x15, 0x69, 0x63, 0x65, 0x5f, 0x73, 0x70, 0x69,
  0x6b, 0x65, 0x5f, 0x72, 0x65, 0x70, 0x6c, 0x61, 0x63, 0x65, 0x61, 0x62,
  0x6c, 0x65, 0x0c, 0x09, 0x0a, 0xe1, 0x08, 0xe2, 0x08, 0x3b, 0xdc, 0x08,
  0x88, 0x09, 0x08, 0x0b, 0xf5, 0x02, 0x96, 0x02, 0x95, 0x02, 0x0b, 0x69,
  0x6d, 0x70, 0x65, 0x72, 0x6d, 0x65, 0x61, 0x62, 0x6c, 0x65, 0x13, 0x65,
  0xac, 0x02, 0xad, 0x02, 0xae, 0x02, 0xaf, 0x02, 0xb0, 0x02, 0xb1, 0x02,
  0xb2, 0x02, 0xb3, 0x02, 0xb4, 0x02, 0xb5, 0x02, 0xb6, 0x02, 0xb7, 0x02,
  0xb8, 0x02, 0xb9, 0x02, 0xba, 0x02, 0xbb, 0x02, 0xe7, 0x07, 0x8c, 0x04,
  0x19, 0x69, 0x6e, 0x63, 0x6f, 0x72, 0x72, 0x65, 0x63, 0x74, 0x5f, 0x66,
  0x6f, 0x72, 0x5f, 0x63, 0x6f, 0x70, 0x70, 0x65, 0x72, 0x5f, 0x74, 0x6f,
  0x6f, 0x6c, 0x11, 0xc1, 0x01, 0x95, 0x07, 0x93, 0x07, 0x96, 0x07, 0x94,
  0x07, 0xcd, 0x01, 0xcb, 0x01, 0xcc, 0x01, 0x8e, 0x03, 0x8f, 0x03, 0x93,
  0x03, 0xae, 0x01, 0xfb, 0x08, 0x2a, 0x2b, 0x8f, 0x02, 0x90, 0x02, 0x1a,
  0x69, 0x6e, 0x63, 0x6f, 0x72, 0x72, 0x65, 0x63, 0x74, 0x5f, 0x66, 0x6f,
  0x72, 0x5f, 0x64, 0x69, 0x61, 0x6d, 0x6f, 0x6e, 0x64, 0x5f, 0x74, 0x6f,
  0x6f, 0x6c, 0x00, 0x17, 0x69, 0x6e, 0x63, 0x6f, 0x72, 0x72, 0x65, 0x63,
  0x74, 0x5f, 0x66, 0x6f, 0x72, 0x5f, 0x67, 0x6f, 0x6c, 0x64, 0x5f, 0x74,
  0x6f, 0x6f, 0x6c, 0x6c, 0xc1, 0x01, 0x95, 0x07, 0x93, 0x07, 0x96, 0x07,
  0x94, 0x07, 0xcd, 0x01, 0xcb, 0x01, 0xcc, 0x01, 0x8e, 0x03, 0x8f, 0x03,
  0x93, 0x03, 0xae, 0x01, 0xfb, 0x08, 0x2a, 0x2b, 0x8f, 0x02, 0x90, 0x02,
  0xaf, 0x01, 0xf9, 0x08, 0x2c, 0x2d, 0x68, 0x66, 0x67, 0xef, 0x07, 0xfa,
  0x08, 0xf3, 0x07, 0xf4, 0x07, 0x88, 0x08, 0x84, 0x08, 0xf8, 0x07, 0xf1,
  0x07, 0x86, 0x08, 0x82, 0x08, 0xf6, 0x07, 0xf2, 0x07, 0x85, 0x08, 0x81,
  0x08, 0xf5, 0x07, 0xf0, 0x07, 0x87, 0x08, 0x83, 0x08, 0xf7, 0x07, 0x89,
  0x08, 0x98, 0x08, 0x94, 0x08, 0x90, 0x08, 0x8a, 0x08, 0x96, 0x08, 0x92,
  0x08, 0x8e, 0x08, 0x8b, 0x08, 0x97, 0x08, 0x93, 0x08, 0x8f, 0x08, 0x8c,
  0x08, 0x95, 0x08, 0x91, 0x08, 0x8d, 0x08, 0x84, 0x09, 0xfc, 0x07, 0xfb,
  0x07, 0xfa, 0x07, 0xf9, 0x07, 0x80, 0x08, 0xff, 0x07, 0xfe, 0x07, 0xfd,
  0x07, 0xa9, 0x08, 0xaa, 0x08, 0xab, 0x08, 0xac, 0x08, 0xad, 0x08, 0xae,
  0x08, 0xaf, 0x08, 0xb0, 0x08, 0xb1, 0x08, 0xb2, 0x08, 0xb3, 0x08, 0xb4,
  0x08, 0xb5, 0x08, 0xb6, 0x08, 0xb7, 0x08, 0xb8, 0x08, 0xa1, 0x08, 0xa2,
  0x08, 0xa4, 0x08, 0xa3, 0x08, 0xa5, 0x08, 0xa6, 0x08, 0xa8, 0x08, 0xa7,
  0x08, 0xb9, 0x08, 0xba, 0x08, 0xbb, 0x08, 0xbc, 0x08, 0xbd, 0x08, 0xbe,
  0x08, 0xbf, 0x08, 0xc0, 0x08, 0xc9, 0x08, 0xca, 0x08, 0xcb, 0x08, 0xcc,
  0x08, 0xcd, 0x08, 0xce, 0x08, 0xcf, 0x08, 0xd0, 0x08, 0x17, 0x69, 0x6e,
  0x63, 0x6f, 0x72, 0x72, 0x65, 0x63, 0x74, 0x5f, 0x66, 0x6f, 0x72, 0x5f,
  0x69, 0x72, 0x6f, 0x6e, 0x5f, 0x74, 0x6f, 0x6f, 0x6c, 0x05, 0xc1, 0x01,
  0x95, 0x07, 0x93, 0x07, 0x96, 0x07, 0x94, 0x07, 0x1c, 0x69, 0x6e, 0x63,
  0x6f, 0x72, 0x72, 0x65, 0x63, 0x74, 0x5f, 0x66, 0x6f, 0x72, 0x5f, 0x6e,
  0x65, 0x74, 0x68, 0x65, 0x72, 0x69, 0x74, 0x65, 0x5f, 0x74, 0x6f, 0x6f,
  0x6c, 0x00, 0x18, 0x69, 0x6e, 0x63, 0x6f, 0x72, 0x72, 0x65, 0x63, 0x74,
  0x5f, 0x66, 0x6f, 0x72, 0x5f, 0x73, 0x74, 0x6f, 0x6e, 0x65, 0x5f, 0x74,
  0x6f, 0x6f, 0x6c, 0x11, 0xc1, 0x01, 0x95, 0x07, 0x93, 0x07, 0x96, 0x07,
  0x94, 0x07, 0xcd, 0x01, 0xcb, 0x01, 0xcc, 0x01, 0x8e, 0x03, 0x8f, 0x03,
  0x93, 0x03, 0xae, 0x01, 0xfb, 0x08, 0x2a, 0x2b, 0x8f, 0x02, 0x90, 0x02,
  0x19, 0x69, 0x6e, 0x63, 0x6f, 0x72, 0x72, 0x65, 0x63, 0x74, 0x5f, 0x66,
  0x6f, 0x72, 0x5f, 0x77, 0x6f, 0x6f, 0x64, 0x65, 0x6e, 0x5f, 0x74, 0x6f,
  0x6f, 0x6c, 0x6c, 0xc1, 0x01, 0x95, 0x07, 0x93, 0x07, 0x96, 0x07, 0x94,
  0x07, 0xcd, 0x01, 0xcb, 0x01, 0xcc, 0x01, 0x8e, 0x03, 0x8f, 0x03, 0x93,
  0x03, 0xae, 0x01, 0xfb, 0x08, 0x2a, 0x2b, 0x8f, 0x02, 0x90, 0x02, 0xaf,
  0x01, 0xf9, 0x08, 0x2c, 0x2d, 0x68, 0x66, 0x67, 0xef, 0x07, 0xfa, 0x08,
  0xf3, 0x07, 0xf4, 0x07, 0x88, 0x08, 0x84, 0x08, 0xf8, 0x07, 0xf1, 0x07,
  0x86, 0x08, 0x82, 0x08, 0xf6, 0x07, 0xf2, 0x07, 0x85, 0x08, 0x81, 0x08,
  0xf5, 0x07, 0xf0, 0x07, 0x87, 0x08, 0x83, 0x08, 0xf7, 0x07, 0x89, 0x08,
  0x98, 0x08, 0x94, 0x08, 0x90, 0x08, 0x8a, 0x08, 0x96, 0x08, 0x92, 0x08,
  0x8e, 0x08, 0x8b, 0x08, 0x97, 0x08, 0x93, 0x08, 0x8f, 0x08, 0x8c, 0x08,
  0x95, 0x08, 0x91, 0x08, 0x8d, 0x08, 0x84, 0x09, 0xfc, 0x07, 0xfb, 0x07,
  0xfa, 0x07, 0xf9, 0x07, 0x80, 0x08, 0xff, 0x07, 0xfe, 0x07, 0xfd, 0x07,
  0xa9, 0x08, 0xaa, 0x08, 0xab, 0x08, 0xac, 0x08, 0xad, 0x08, 0xae, 0x08,
  0xaf, 0x08, 0xb0, 0x08, 0xb1, 0x08, 0xb2, 0x08, 0xb3, 0x08, 0xb4, 0x08,
  0xb5, 0x08, 0xb6, 0x08, 0xb7, 0x08, 0xb8, 0x08, 0xa1, 0x08, 0xa2, 0x08,
  0xa4, 0x08, 0xa3, 0x08, 0xa5, 0x08, 0xa6, 0x08, 0xa8, 0x08, 0xa7, 0x08,
  0xb9, 0x08, 0xba, 0x08, 0xbb, 0x08, 0xbc, 0x08, 0xbd, 0x08, 0xbe, 0x08,
  0xbf, 0x08, 0xc0, 0x08, 0xc9, 0x08, 0xca, 0x08, 0xcb, 0x08, 0xcc, 0x08,
  0xcd, 0x08, 0xce, 0x08, 0xcf, 0x08, 0xd0, 0x08, 0x0e, 0x69, 0x6e, 0x66,
  0x69, 0x6e, 0x69, 0x62, 0x75, 0x72, 0x6e, 0x5f, 0x65, 0x6e, 0x64, 0x03,
  0x9d, 0x02, 0x9f, 0x05, 0x22, 0x11, 0x69, 0x6e, 0x66, 0x69, 0x6e, 0x69,
  0x62, 0x75, 0x72, 0x6e, 0x5f, 0x6e, 0x65, 0x74, 0x68, 0x65, 0x72, 0x02,
  0x9d, 0x02, 0x9f, 0x05, 0x14, 0x69, 0x6e, 0x66, 0x69, 0x6e, 0x69, 0x62,
  0x75, 0x72, 0x6e, 0x5f, 0x6f, 0x76, 0x65, 0x72, 0x77, 0x6f, 0x72, 0x6c,
  0x64, 0x02, 0x9d, 0x02, 0x9f, 0x05, 0x18, 0x69, 0x6e, 0x73, 0x69, 0x64,
  0x65, 0x5f, 0x73, 0x74, 0x65, 0x70, 0x5f, 0x73, 0x6f, 0x75, 0x6e, 0x64,
  0x5f, 0x62, 0x6c, 0x6f, 0x63, 0x6b, 0x73, 0x08, 0xe8, 0x07, 0xec, 0x07,
  0xef, 0x02, 0xf6, 0x02, 0xd7, 0x07, 0xd9, 0x08, 0xda, 0x08, 0xdb, 0x08,
  0x14, 0x69, 0x6e, 0x76, 0x61, 0x6c, 0x69, 0x64, 0x5f, 0x73, 0x70, 0x61,
  0x77, 0x6e, 0x5f, 0x69, 0x6e, 0x73, 0x69, 0x64, 0x65, 0x02, 0x87, 0x03,
  0x9b, 0x05, 0x09, 0x69, 0x72, 0x6f, 0x6e, 0x5f, 0x6f, 0x72, 0x65, 0x73,
  0x02, 0x2c, 0x2d, 0x0b, 0x6a, 0x75, 0x6e, 0x67, 0x6c, 0x65, 0x5f, 0x6c,
  0x6f, 0x67, 0x73, 0x04, 0x34, 0x4a, 0x3f, 0x52, 0x08, 0x6c, 0x61, 0x6e,
  0x74, 0x65, 0x72, 0x6e, 0x73, 0x0a, 0xd1, 0x06, 0xd2, 0x06, 0xd3, 0x06,
  0xd7, 0x06, 0xd4, 0x06, 0xd8, 0x06, 0xd5, 0x06, 0xd9, 0x06, 0xd6, 0x06,
  0xda, 0x06, 0x0a, 0x6c, 0x61, 0x70, 0x69, 0x73, 0x5f, 0x6f, 0x72, 0x65,
  0x73, 0x02, 0x66, 0x67, 0x1e, 0x6c, 0x61, 0x76, 0x61, 0x5f, 0x70, 0x6f,
  0x6f, 0x6c, 0x5f, 0x73, 0x74, 0x6f, 0x6e, 0x65, 0x5f, 0x63, 0x61, 0x6e,
  0x6e, 0x6f, 0x74, 0x5f, 0x72, 0x65, 0x70, 0x6c, 0x61, 0x63, 0x65, 0x3e,
  0x22, 0xc6, 0x01, 0xc9, 0x01, 0x88, 0x03, 0x82, 0x09, 0x85, 0x09, 0x86,
  0x09, 0x5b, 0x58, 0x59, 0x5f, 0x5e, 0x5c, 0x5a, 0x61, 0x62, 0x60, 0x5d,
  0x37, 0x4d, 0x42, 0x55, 0x38, 0x14, 0x43, 0x56, 0x31, 0x47, 0x44, 0x4f,
  0x35, 0x4b, 0x40, 0x53, 0x33, 0x49, 0x3e, 0x51, 0x34, 0x4a, 0x3f, 0x52,
  0x32, 0x48, 0x3d, 0x50, 0x39, 0x4e, 0x45, 0x57, 0x36, 0x4c, 0x41, 0x54,
  0xe7, 0x06, 0xe8, 0x06, 0xe9, 0x06, 0xea, 0x06, 0xde, 0x06, 0xdf, 0x06,
  0xe0, 0x06, 0xe1, 0x06, 0x06, 0x6c, 0x65, 0x61, 0x76, 0x65, 0x73, 0x0b,
  0x5b, 0x58, 0x59, 0x5f, 0x5e, 0x5c, 0x5a, 0x61, 0x62, 0x60, 0x5d, 0x0e,
  0x6c, 0x69, 0x67, 0x68, 0x74, 0x6e, 0x69, 0x6e, 0x67, 0x5f, 0x72, 0x6f,
  0x64, 0x73, 0x08, 0xc9, 0x08, 0xca, 0x08, 0xcb, 0x08, 0xcc, 0x08, 0xcd,
  0x08, 0xce, 0x08, 0xcf, 0x08, 0xd0, 0x08, 0x04, 0x6c, 0x6f, 0x67, 0x73,
  0x2c, 0x37, 0x4d, 0x42, 0x55, 0x38, 0x14, 0x43, 0x56, 0x31, 0x47, 0x44,
  0x4f, 0x35, 0x4b, 0x40, 0x53, 0x33, 0x49, 0x3e, 0x51, 0x34, 0x4a, 0x3f,
  0x52, 0x32, 0x48, 0x3d, 0x50, 0x39, 0x4e, 0x45, 0x57, 0x36, 0x4c, 0x41,
  0x54, 0xe7, 0x06, 0xe8, 0x06, 0xe9, 0x06, 0xea, 0x06, 0xde, 0x06, 0xdf,
  0x06, 0xe0, 0x06, 0xe1, 0x06, 0x0e, 0x6c, 0x6f, 0x67, 0x73, 0x5f, 0x74,
  0x68, 0x61, 0x74, 0x5f, 0x62, 0x75, 0x72, 0x6e, 0x24, 0x37, 0x4d, 0x42,
  0x55, 0x38, 0x14, 0x43, 0x56, 0x31, 0x47, 0x44, 0x4f, 0x35, 0x4b, 0x40,
  0x53, 0x33, 0x49, 0x3e, 0x51, 0x34, 0x4a, 0x3f, 0x52, 0x32, 0x48, 0x3d,
  0x50, 0x39, 0x4e, 0x45, 0x57, 0x36, 0x4c, 0x41, 0x54, 0x17, 0x6c, 0x75,
  0x73, 0x68, 0x5f, 0x67, 0x72, 0x6f, 0x75, 0x6e, 0x64, 0x5f, 0x72, 0x65,
  0x70, 0x6c, 0x61, 0x63, 0x65, 0x61, 0x62, 0x6c, 0x65, 0x15, 0x01, 0x02,
  0x04, 0x06, 0xd8, 0x07, 0xe3, 0x08, 0xd4, 0x08, 0xd3, 0x08, 0x09, 0x0a,
  0xe1, 0x08, 0xe2, 0x08, 0x3b, 0xdc, 0x08, 0x88, 0x09, 0x08, 0x0b, 0xf5,
  0x02, 0x99, 0x02, 0x28, 0x25, 0x12, 0x6d, 0x61, 0x69, 0x6e, 0x74, 0x61,
  0x69, 0x6e, 0x73, 0x5f, 0x66, 0x61, 0x72, 0x6d, 0x6c, 0x61, 0x6e, 0x64,
  0x18, 0xec, 0x02, 0xea, 0x02, 0xed, 0x02, 0xeb, 0x02, 0x99, 0x05, 0xb9,
  0x03, 0xba, 0x03, 0x96, 0x05, 0x9f, 0x01, 0x97, 0x05, 0xcf, 0x01, 0x9c,
  0x01, 0xf7, 0x04, 0xf5, 0x04, 0xf9, 0x04, 0xfa, 0x04, 0xf6, 0x04, 0xf1,
  0x02, 0xf4, 0x04, 0xfd, 0x06, 0xfe, 0x06, 0xfb, 0x04, 0xfc, 0x04, 0xf8,
  0x04, 0x0d, 0x6d, 0x61, 0x6e, 0x67, 0x72, 0x6f, 0x76, 0x65, 0x5f, 0x6c,
  0x6f, 0x67, 0x73, 0x04, 0x39, 0x4e, 0x45, 0x57, 0x1e, 0x6d, 0x61, 0x6e,
  0x67, 0x72, 0x6f, 0x76, 0x65, 0x5f, 0x6c, 0x6f, 0x67, 0x73, 0x5f, 0x63,
  0x61, 0x6e, 0x5f, 0x67, 0x72, 0x6f, 0x77, 0x5f, 0x74, 0x68, 0x72, 0x6f,
  0x75, 0x67, 0x68, 0x08, 0xe2, 0x08, 0x3b, 0x3a, 0x60, 0x39, 0x21, 0xd8,
  0x08, 0xee, 0x02, 0x1f, 0x6d, 0x61, 0x6e, 0x67, 0x72, 0x6f, 0x76, 0x65,
  0x5f, 0x72, 0x6f, 0x6f, 0x74, 0x73, 0x5f, 0x63, 0x61, 0x6e, 0x5f, 0x67,
  0x72, 0x6f, 0x77, 0x5f, 0x74, 0x68, 0x72, 0x6f, 0x75, 0x67, 0x68, 0x07,
  0xe2, 0x08, 0x3b, 0x3a, 0xd8, 0x08, 0xee, 0x02, 0x21, 0x94, 0x02, 0x0c,
  0x6d, 0x69, 0x6e, 0x65, 0x61, 0x62, 0x6c, 0x65, 0x2f, 0x61, 0x78, 0x65,
  0x9e, 0x02, 0x6d, 0x98, 0x06, 0xc7, 0x06, 0x8f, 0x07, 0x90, 0x07, 0xde,
  0x08, 0xdd, 0x08, 0xb2, 0x01, 0xd2, 0x02, 0xdb, 0x06, 0xca, 0x06, 0xa8,
  0x02, 0xc9, 0x01, 0x91, 0x05, 0x90, 0x05, 0x8c, 0x03, 0x8d, 0x07, 0xce,
  0x01, 0xda, 0x03, 0xcb, 0x06, 0xef, 0x02, 0xa9, 0x02, 0x9b, 0x02, 0xdd,
  0x01, 0xcd, 0x06, 0xc6, 0x06, 0xe9, 0x02, 0xd4, 0x02, 0xe8, 0x02, 0xd3,
  0x02, 0xce, 0x06, 0xdc, 0x06, 0xd6, 0x03, 0xee, 0x02, 0xb3, 0x04, 0xb4,
  0x04, 0xb5, 0x04, 0xb6, 0x04, 0xb7, 0x04, 0xb8, 0x04, 0xb9, 0x04, 0xba,
  0x04, 0xbb, 0x04, 0xbc, 0x04, 0xbd, 0x04, 0xbe, 0x04, 0xbf, 0x04, 0xc0,
  0x04, 0xc1, 0x04, 0xc2, 0x04, 0xc3, 0x04, 0xc4, 0x04, 0xc5, 0x04, 0xc6,
  0x04, 0xc7, 0x04, 0xc8, 0x04, 0xc9, 0x04, 0xca, 0x04, 0xcb, 0x04, 0xcc,
  0x04, 0xcd, 0x04, 0xce, 0x04, 0xcf, 0x04, 0xd0, 0x04, 0xd1, 0x04, 0xd2,
  0x04, 0xf7, 0x04, 0xf5, 0x04, 0xf9, 0x04, 0xfa, 0x04, 0xf6, 0x04, 0xf1,
  0x02, 0xf4, 0x04, 0xfd, 0x06, 0xfe, 0x06, 0xfb, 0x04, 0xfc, 0x04, 0xf8,
  0x04, 0x37, 0x4d, 0x42, 0x55, 0x38, 0x14, 0x43, 0x56, 0x31, 0x47, 0x44,
  0x4f, 0x35, 0x4b, 0x40, 0x53, 0x33, 0x49, 0x3e, 0x51, 0x34, 0x4a, 0x3f,
  0x52, 0x32, 0x48, 0x3d, 0x50, 0x39, 0x4e, 0x45, 0x57, 0x36, 0x4c, 0x41,
  0x54, 0xe7, 0x06, 0xe8, 0x06, 0xe9, 0x06, 0xea, 0x06, 0xde, 0x06, 0xdf,
  0x06, 0xe0, 0x06, 0xe1, 0x06, 0x0d, 0x0e, 0x0f, 0x10, 0x11, 0x13, 0x15,
  0xf3, 0x06, 0xf4, 0x06, 0x16, 0x17, 0x12, 0xd2, 0x01, 0xd3, 0x01, 0xd4,
  0x01, 0xd5, 0x01, 0xd7, 0x01, 0xd8, 0x01, 0xd9, 0x01, 0x85, 0x07, 0x86,
  0x07, 0xda, 0x01, 0xdb, 0x01, 0xd6, 0x01, 0xe0, 0x01, 0xe1, 0x01, 0xe2,
  0x01, 0xe3, 0x01, 0xe5, 0x01, 0xe6, 0x01, 0xe7, 0x01, 0x87, 0x07, 0x88,
  0x07, 0xe8, 0x01, 0xe9, 0x01, 0xe4, 0x01, 0xbb, 0x03, 0xbc, 0x03, 0xbd,
  0x03, 0xbe, 0x03, 0xbf, 0x03, 0xc1, 0x03, 0xc2, 0x03, 0x81, 0x07, 0x82,
  0x07, 0xc3, 0x03, 0xc4, 0x03, 0xc0, 0x03, 0xdc, 0x01, 0x86, 0x05, 0x87,
  0x05, 0x88, 0x05, 0x89, 0x05, 0x8b, 0x05, 0x8c, 0x05, 0x83, 0x07, 0x84,
  0x07, 0x8d, 0x05, 0x8e, 0x05, 0x8a, 0x05, 0x9c, 0x02, 0x80, 0x05, 0x82,
  0x05, 0x83, 0x05, 0xfd, 0x04, 0xfe, 0x04, 0xff, 0x04, 0xf9, 0x06, 0xfa,
  0x06, 0x84, 0x05, 0x85, 0x05, 0x81, 0x05, 0x85, 0x02, 0x86, 0x02, 0x87,
  0x02, 0x88, 0x02, 0x89, 0x02, 0x8b, 0x02, 0x8c, 0x02, 0xf7, 0x06, 0xf8,
  0x06, 0x8d, 0x02, 0x8e, 0x02, 0x8a, 0x02, 0xd7, 0x04, 0xd8, 0x04, 0xd9,
  0x04, 0xda, 0x04, 0xdb, 0x04, 0xdd, 0x04, 0xde, 0x04, 0xf5, 0x06, 0xf6,
  0x06, 0xdf, 0x04, 0xe0, 0x04, 0xdc, 0x04, 0xc8, 0x01, 0x94, 0x03, 0x95,
  0x03, 0x96, 0x03, 0x84, 0x04, 0x86, 0x04, 0x87, 0x04, 0xff, 0x06, 0x80,
  0x07, 0x88, 0x04, 0x89, 0x04, 0x85, 0x04, 0xc0, 0x02, 0xbe, 0x02, 0xc2,
  0x02, 0xc3, 0x02, 0xbf, 0x02, 0xbc, 0x02, 0xbd, 0x02, 0xfb, 0x06, 0xfc,
  0x06, 0xc4, 0x02, 0xc5, 0x02, 0xc1, 0x02, 0x3a, 0xea, 0x01, 0xeb, 0x01,
  0xec, 0x01, 0xed, 0x01, 0xee, 0x01, 0xef, 0x01, 0xf0, 0x01, 0xf1, 0x01,
  0xf2, 0x01, 0xf3, 0x01, 0xf4, 0x01, 0xf5, 0x01, 0xf6, 0x01, 0xf7, 0x01,
  0xf8, 0x01, 0xf9, 0x01, 0xfa, 0x01, 0xfb, 0x01, 0xfc, 0x01, 0xfd, 0x01,
  0xff, 0x01, 0x80, 0x02, 0xfe, 0x01, 0x81, 0x02, 0x18, 0xe1, 0x04, 0x8a,
  0x04, 0x3c, 0x46, 0xb3, 0x01, 0xb4, 0x01, 0xb5, 0x01, 0xb6, 0x01, 0xb7,
  0x01, 0xb8, 0x01, 0xb9, 0x01, 0xba, 0x01, 0xbb, 0x01, 0xbc, 0x01, 0xbd,
  0x01, 0xbe, 0x01, 0xbf, 0x01, 0xc7, 0x01, 0x0c, 0x6d, 0x69, 0x6e, 0x65,
  0x61, 0x62, 0x6c, 0x65, 0x2f, 0x68, 0x6f, 0x65, 0x1d, 0x5b, 0x58, 0x59,
  0x5f, 0x5e, 0x5c, 0x5a, 0x61, 0x62, 0x60, 0x5d, 0xa0, 0x05, 0xe4, 0x06,
  0x99, 0x04, 0xe8, 0x05, 0x8e, 0x07, 0xed, 0x06, 0x63, 0x64, 0xe9, 0x07,
  0xea, 0x07, 0xdc, 0x08, 0xd8, 0x08, 0x88, 0x09, 0x89, 0x09, 0xeb, 0x07,
  0xed, 0x07, 0xec, 0x07, 0xee, 0x07, 0x10, 0x6d, 0x69, 0x6e, 0x65, 0x61,
  0x62, 0x6c, 0x65, 0x2f, 0x70, 0x69, 0x63, 0x6b, 0x61, 0x78, 0x65, 0xe2,
  0x03, 0x01, 0x02, 0x03, 0x04, 0x05, 0x06, 0x07, 0x0c, 0x2a, 0x2b, 0x2c,
  0x2d, 0x2e, 0x2f, 0x30, 0x66, 0x67, 0x68, 0x69, 0x6a, 0x6b, 0x6c, 0xae,
  0x01, 0xaf, 0x01, 0xb0, 0x01, 0xc0, 0x01, 0xc1, 0x01, 0xc6, 0x01, 0xcb,
  0x01, 0xcc, 0x01, 0xcd, 0x01, 0xd1, 0x01, 0xdf, 0x01, 0x83, 0x02, 0x84,
  0x02, 0x8f, 0x02, 0x90, 0x02, 0x9d, 0x02, 0xa0, 0x02, 0xa1, 0x02, 0xc6,
  0x02, 0xc7, 0x02, 0xc8, 0x02, 0xc9, 0x02, 0xf2, 0x02, 0xf3, 0x02, 0xfd,
  0x02, 0xfe, 0x02, 0xff, 0x02, 0x81, 0x03, 0x82, 0x03, 0x89, 0x03, 0x8d,
  0x03, 0x8e, 0x03, 0x8f, 0x03, 0x90, 0x03, 0x93, 0x03, 0xd7, 0x03, 0xd8,
  0x03, 0xdb, 0x03, 0xdc, 0x03, 0xdd, 0x03, 0xde, 0x03, 0xdf, 0x03, 0xe0,
  0x03, 0xe1, 0x03, 0xe3, 0x03, 0xe4, 0x03, 0xe5, 0x03, 0xe6, 0x03, 0xe7,
  0x03, 0xe8, 0x03, 0xe9, 0x03, 0xea, 0x03, 0xeb, 0x03, 0xec, 0x03, 0xed,
  0x03, 0xee, 0x03, 0xef, 0x03, 0xf0, 0x03, 0xf1, 0x03, 0xf2, 0x03, 0xf3,
  0x03, 0x8e, 0x04, 0x8f, 0x04, 0x90, 0x04, 0x91, 0x04, 0x92, 0x04, 0x93,
  0x04, 0x94, 0x04, 0x95, 0x04, 0x96, 0x04, 0x97, 0x04, 0xaa, 0x04, 0xab,
  0x04, 0xd3, 0x04, 0xd4, 0x04, 0xd5, 0x04, 0xd6, 0x04, 0xe2, 0x04, 0xe3,
  0x04, 0xe4, 0x04, 0xe5, 0x04, 0xe6, 0x04, 0xe7, 0x04, 0xe8, 0x04, 0xe9,
  0x04, 0xeb, 0x04, 0xec, 0x04, 0xed, 0x04, 0xee, 0x04, 0xef, 0x04, 0xf0,
  0x04, 0xf1, 0x04, 0xf2, 0x04, 0xf3, 0x04, 0x92, 0x05, 0x93, 0x05, 0x94,
  0x05, 0x95, 0x05, 0x9f, 0x05, 0xa1, 0x05, 0xa2, 0x05, 0xa4, 0x05, 0xb6,
  0x05, 0xb7, 0x05, 0xb8, 0x05, 0xb9, 0x05, 0xba, 0x05, 0xbb, 0x05, 0xbc,
  0x05, 0xbd, 0x05, 0xbe, 0x05, 0xbf, 0x05, 0xc0, 0x05, 0xc1, 0x05, 0xc2,
  0x05, 0xc3, 0x05, 0xc4, 0x05, 0xc5, 0x05, 0xc6, 0x05, 0xc7, 0x05, 0xc8,
  0x05, 0xc9, 0x05, 0xca, 0x05, 0xcb, 0x05, 0xcc, 0x05, 0xcd, 0x05, 0xce,
  0x05, 0xcf, 0x05, 0xd0, 0x05, 0xd1, 0x05, 0xd2, 0x05, 0xd3, 0x05, 0xd4,
  0x05, 0xd5, 0x05, 0xec, 0x05, 0xed, 0x05, 0xee, 0x05, 0xef, 0x05, 0xf0,
  0x05, 0xf1, 0x05, 0xf2, 0x05, 0xf3, 0x05, 0xf4, 0x05, 0xf5, 0x05, 0xf6,
  0x05, 0xf7, 0x05, 0xf8, 0x05, 0xf9, 0x05, 0xfa, 0x05, 0x80, 0x06, 0x81,
  0x06, 0x82, 0x06, 0x83, 0x06, 0x84, 0x06, 0x8a, 0x06, 0x8b, 0x06, 0x8c,
  0x06, 0x8d, 0x06, 0x8e, 0x06, 0x9d, 0x06, 0x9e, 0x06, 0x9f, 0x06, 0xa0,
  0x06, 0xa1, 0x06, 0xa2, 0x06, 0xa3, 0x06, 0xa4, 0x06, 0xa5, 0x06, 0xa6,
  0x06, 0xa7, 0x06, 0xa8, 0x06, 0xa9, 0x06, 0xaa, 0x06, 0xab, 0x06, 0xac,
  0x06, 0xad, 0x06, 0xae, 0x06, 0xaf, 0x06, 0xb0, 0x06, 0xb1, 0x06, 0xb2,
  0x06, 0xb3, 0x06, 0xb4, 0x06, 0xb5, 0x06, 0xb6, 0x06, 0xb7, 0x06, 0xc8,
  0x06, 0xc9, 0x06, 0xcc, 0x06, 0xcf, 0x06, 0xd0, 0x06, 0xe2, 0x06, 0xeb,
  0x06, 0x93, 0x07, 0x94, 0x07, 0x95, 0x07, 0x96, 0x07, 0x9b, 0x07, 0x9c,
  0x07, 0x9d, 0x07, 0x9f, 0x07, 0xa0, 0x07, 0xa1, 0x07, 0xa2, 0x07, 0xa3,
  0x07, 0xa4, 0x07, 0xa5, 0x07, 0xa7, 0x07, 0xa8, 0x07, 0xa9, 0x07, 0xaa,
  0x07, 0xad, 0x07, 0xae, 0x07, 0xaf, 0x07, 0xd8, 0x07, 0xe6, 0x07, 0xf2,
  0x07, 0xf1, 0x07, 0xf0, 0x07, 0xef, 0x07, 0xf3, 0x07, 0xf4, 0x07, 0xf5,
  0x07, 0xf6, 0x07, 0xf7, 0x07, 0xf8, 0x07, 0x81, 0x08, 0x82, 0x08, 0x83,
  0x08, 0x84, 0x08, 0x85, 0x08, 0x86, 0x08, 0x87, 0x08, 0x88, 0x08, 0x89,
  0x08, 0x8a, 0x08, 0x8b, 0x08, 0x8c, 0x08, 0x8d, 0x08, 0x8e, 0x08, 0x8f,
  0x08, 0x90, 0x08, 0x91, 0x08, 0x92, 0x08, 0x93, 0x08, 0x94, 0x08, 0x95,
  0x08, 0x96, 0x08, 0x97, 0x08, 0x98, 0x08, 0xd1, 0x08, 0xd2, 0x08, 0xe3,
  0x08, 0xe4, 0x08, 0xe5, 0x08, 0xe6, 0x08, 0xe8, 0x08, 0xe9, 0x08, 0xea,
  0x08, 0xec, 0x08, 0xed, 0x08, 0xee, 0x08, 0xf0, 0x08, 0xf1, 0x08, 0xf2,
  0x08, 0xf4, 0x08, 0xf5, 0x08, 0xf6, 0x08, 0xf8, 0x08, 0xf9, 0x08, 0xfa,
  0x08, 0xfb, 0x08, 0x95, 0x02, 0xac, 0x04, 0x95, 0x06, 0x8a, 0x01, 0x80,
  0x01, 0x8b, 0x01, 0xd4, 0x07, 0xd7, 0x07, 0xd6, 0x07, 0xd5, 0x07, 0xd2,
  0x07, 0xd3, 0x07, 0xcd, 0x02, 0xd1, 0x02, 0xd0, 0x02, 0xf7, 0x08, 0xcc,
  0x02, 0xcf, 0x02, 0xce, 0x02, 0x93, 0x02, 0xab, 0x07, 0x99, 0x03, 0x9a,
  0x03, 0xb8, 0x06, 0xb9, 0x06, 0xba, 0x06, 0xbb, 0x06, 0xbc, 0x06, 0xbd,
  0x06, 0xbf, 0x06, 0xc0, 0x06, 0xc1, 0x06, 0xc2, 0x06, 0xc3, 0x06, 0xc4,
  0x06, 0x9e, 0x07, 0xa6, 0x07, 0xac, 0x07, 0xe7, 0x08, 0xeb, 0x08, 0xef,
  0x08, 0xf3, 0x08, 0xbe, 0x06, 0xdb, 0x07, 0xdf, 0x07, 0xe4, 0x07, 0xfb,
  0x02, 0xa5, 0x05, 0xb5, 0x05, 0xb1, 0x05, 0xb2, 0x05, 0xaf, 0x05, 0xad,
  0x05, 0xb3, 0x05, 0xa9, 0x05, 0xae, 0x05, 0xab, 0x05, 0xa8, 0x05, 0xa7,
  0x05, 0xac, 0x05, 0xb0, 0x05, 0xb4, 0x05, 0xa6, 0x05, 0xaa, 0x05, 0xd3,
  0x03, 0xd4, 0x03, 0xd5, 0x03, 0x83, 0x03, 0x84, 0x03, 0x85, 0x03, 0x86,
  0x03, 0xde, 0x01, 0x7e, 0x7f, 0xe2, 0x03, 0x96, 0x06, 0xcb, 0x02, 0xf4,
  0x02, 0xea, 0x04, 0xca, 0x02, 0x84, 0x09, 0xd9, 0x07, 0xda, 0x07, 0xe0,
  0x07, 0xdc, 0x07, 0xdd, 0x07, 0xde, 0x07, 0xe1, 0x07, 0xe2, 0x07, 0xe3,
  0x07, 0xe5, 0x07, 0xfc, 0x07, 0xfb, 0x07, 0xfa, 0x07, 0xf9, 0x07, 0x80,
  0x08, 0xff, 0x07, 0xfe, 0x07, 0xfd, 0x07, 0xa9, 0x08, 0xaa, 0x08, 0xab,
  0x08, 0xac, 0x08, 0xad, 0x08, 0xae, 0x08, 0xaf, 0x08, 0xb0, 0x08, 0xb1,
  0x08, 0xb2, 0x08, 0xb3, 0x08, 0xb4, 0x08, 0xb5, 0x08, 0xb6, 0x08, 0xb7,
  0x08, 0xb8, 0x08, 0x99, 0x08, 0x9a, 0x08, 0x9c, 0x08, 0x9b, 0x08, 0x9d,
  0x08, 0x9e, 0x08, 0xa0, 0x08, 0x9f, 0x08, 0xa1, 0x08, 0xa2, 0x08, 0xa4,
  0x08, 0xa3, 0x08, 0xa5, 0x08, 0xa6, 0x08, 0xa8, 0x08, 0xa7, 0x08, 0x87,
  0x09, 0xf8, 0x02, 0xfa, 0x02, 0xf9, 0x02, 0xfc, 0x02, 0xb9, 0x08, 0xba,
  0x08, 0xbb, 0x08, 0xbc, 0x08, 0xbd, 0x08, 0xbe, 0x08, 0xbf, 0x08, 0xc0,
  0x08, 0xc1, 0x08, 0xc2, 0x08, 0xc3, 0x08, 0xc4, 0x08, 0xc5, 0x08, 0xc6,
  0x08, 0xc7, 0x08, 0xc8, 0x08, 0xc9, 0x08, 0xca, 0x08, 0xcb, 0x08, 0xcc,
  0x08, 0xcd, 0x08, 0xce, 0x08, 0xcf, 0x08, 0xd0, 0x08, 0xd1, 0x06, 0xd2,
  0x06, 0xd3, 0x06, 0xd7, 0x06, 0xd4, 0x06, 0xd8, 0x06, 0xd5, 0x06, 0xd9,
  0x06, 0xd6, 0x06, 0xda, 0x06, 0xde, 0x02, 0xdf, 0x02, 0xe3, 0x02, 0xe0,
  0x02, 0xe4, 0x02, 0xe1, 0x02, 0xe5, 0x02, 0xe2, 0x02, 0xe6, 0x02, 0xd5,
  0x02, 0xd6, 0x02, 0xda, 0x02, 0xd7, 0x02, 0xdb, 0x02, 0xd8, 0x02, 0xdc,
  0x02, 0xd9, 0x02, 0xdd, 0x02, 0x0f, 0x6d, 0x69, 0x6e, 0x65, 0x61, 0x62,
  0x6c, 0x65, 0x2f, 0x73, 0x68, 0x6f, 0x76, 0x65, 0x6c, 0x24, 0x99, 0x02,
  0x09, 0x0a, 0x0b, 0xd0, 0x01, 0x08, 0x28, 0xf5, 0x02, 0x25, 0x27, 0x96,
  0x02, 0x94, 0x02, 0x9e, 0x02, 0x9a, 0x05, 0x9f, 0x02, 0xe1, 0x08, 0x3b,
  0xe2, 0x08, 0x26, 0x29, 0xd6, 0x05, 0xd7, 0x05, 0xd8, 0x05, 0xd9, 0x05,
  0xda, 0x05, 0xdb, 0x05, 0xdc, 0x05, 0xdd, 0x05, 0xde, 0x05, 0xdf, 0x05,
  0xe0, 0x05, 0xe1, 0x05, 0xe2, 0x05, 0xe3, 0x05, 0xe4, 0x05, 0xe5, 0x05,
  0x16, 0x6d, 0x6f, 0x62, 0x5f, 0x69, 0x6e, 0x74, 0x65, 0x72, 0x61, 0x63,
  0x74, 0x61, 0x62, 0x6c, 0x65, 0x5f, 0x64, 0x6f, 0x6f, 0x72, 0x73, 0x14,
  0xdc, 0x01, 0x86, 0x05, 0x87, 0x05, 0x88, 0x05, 0x89, 0x05, 0x8b, 0x05,
  0x8c, 0x05, 0x83, 0x07, 0x84, 0x07, 0x8d, 0x05, 0x8e, 0x05, 0x8a, 0x05,
  0x99, 0x08, 0x9a, 0x08, 0x9c, 0x08, 0x9b, 0x08, 0x9d, 0x08, 0x9e, 0x08,
  0xa0, 0x08, 0x9f, 0x08, 0x17, 0x6d, 0x6f, 0x6f, 0x73, 0x68, 0x72, 0x6f,
  0x6f, 0x6d, 0x73, 0x5f, 0x73, 0x70, 0x61, 0x77, 0x6e, 0x61, 0x62, 0x6c,
  0x65, 0x5f, 0x6f, 0x6e, 0x01, 0xf5, 0x02, 0x0b, 0x6d, 0x6f, 0x73, 0x73,
  0x5f, 0x62, 0x6c, 0x6f, 0x63, 0x6b, 0x73, 0x02, 0xdc, 0x08, 0x88, 0x09,
  0x10, 0x6d, 0x6f, 0x73, 0x73, 0x5f, 0x72, 0x65, 0x70, 0x6c, 0x61, 0x63,
  0x65, 0x61, 0x62, 0x6c, 0x65, 0x12, 0x01, 0x02, 0x04, 0x06, 0xd8, 0x07,
  0xe3, 0x08, 0xd4, 0x08, 0xd3, 0x08, 0x09, 0x0a, 0xe1, 0x08, 0xe2, 0x08,
  0x3b, 0xdc, 0x08, 0x88, 0x09, 0x08, 0x0b, 0xf5, 0x02, 0x03, 0x6d, 0x75,
  0x64, 0x02, 0xe2, 0x08, 0x3b, 0x12, 0x6e, 0x65, 0x65, 0x64, 0x73, 0x5f,
  0x64, 0x69, 0x61, 0x6d, 0x6f, 0x6e, 0x64, 0x5f, 0x74, 0x6f, 0x6f, 0x6c,
  0x05, 0xc1, 0x01, 0x95, 0x07, 0x93, 0x07, 0x96, 0x07, 0x94, 0x07, 0x0f,
  0x6e, 0x65, 0x65, 0x64, 0x73, 0x5f, 0x69, 0x72, 0x6f, 0x6e, 0x5f, 0x74,
  0x6f, 0x6f, 0x6c, 0x0c, 0xcd, 0x01, 0xcb, 0x01, 0xcc, 0x01, 0x8e, 0x03,
  0x8f, 0x03, 0x93, 0x03, 0xae, 0x01, 0xfb, 0x08, 0x2a, 0x2b, 0x8f, 0x02,
  0x90, 0x02, 0x10, 0x6e, 0x65, 0x65, 0x64, 0x73, 0x5f, 0x73, 0x74, 0x6f,
  0x6e, 0x65, 0x5f, 0x74, 0x6f, 0x6f, 0x6c, 0x5b, 0xaf, 0x01, 0xf9, 0x08,
  0x2c, 0x2d, 0x68, 0x66, 0x67, 0xef, 0x07, 0xfa, 0x08, 0xf3, 0x07, 0xf4,
  0x07, 0x88, 0x08, 0x84, 0x08, 0xf8, 0x07, 0xf1, 0x07, 0x86, 0x08, 0x82,
  0x08, 0xf6, 0x07, 0xf2, 0x07, 0x85, 0x08, 0x81, 0x08, 0xf5, 0x07, 0xf0,
  0x07, 0x87, 0x08, 0x83, 0x08, 0xf7, 0x07, 0x89, 0x08, 0x98, 0x08, 0x94,
  0x08, 0x90, 0x08, 0x8a, 0x08, 0x96, 0x08, 0x92, 0x08, 0x8e, 0x08, 0x8b,
  0x08, 0x97, 0x08, 0x93, 0x08, 0x8f, 0x08, 0x8c, 0x08, 0x95, 0x08, 0x91,
  0x08, 0x8d, 0x08, 0x84, 0x09, 0xfc, 0x07, 0xfb, 0x07, 0xfa, 0x07, 0xf9,
  0x07, 0x80, 0x08, 0xff, 0x07, 0xfe, 0x07, 0xfd, 0x07, 0xa9, 0x08, 0xaa,
  0x08, 0xab, 0x08, 0xac, 0x08, 0xad, 0x08, 0xae, 0x08, 0xaf, 0x08, 0xb0,
  0x08, 0xb1, 0x08, 0xb2, 0x08, 0xb3, 0x08, 0xb4, 0x08, 0xb5, 0x08, 0xb6,
  0x08, 0xb7, 0x08, 0xb8, 0x08, 0xa1, 0x08, 0xa2, 0x08, 0xa4, 0x08, 0xa3,
  0x08, 0xa5, 0x08, 0xa6, 0x08, 0xa8, 0x08, 0xa7, 0x08, 0xb9, 0x08, 0xba,
  0x08, 0xbb, 0x08, 0xbc, 0x08, 0xbd, 0x08, 0xbe, 0x08, 0xbf, 0x08, 0xc0,
  0x08, 0xc9, 0x08, 0xca, 0x08, 0xcb, 0x08, 0xcc, 0x08, 0xcd, 0x08, 0xce,
  0x08, 0xcf, 0x08, 0xd0, 0x08, 0x1a, 0x6e, 0x65, 0x74, 0x68, 0x65, 0x72,
  0x5f, 0x63, 0x61, 0x72, 0x76, 0x65, 0x72, 0x5f, 0x72, 0x65, 0x70, 0x6c,
  0x61, 0x63, 0x65, 0x61, 0x62, 0x6c, 0x65, 0x73, 0x19, 0x01, 0x02, 0x04,
  0x06, 0xd8, 0x07, 0xe3, 0x08, 0x9d, 0x02, 0xa0, 0x02, 0x9c, 0x07, 0x09,
  0x0a, 0xe1, 0x08, 0xe2, 0x08, 0x3b, 0xdc, 0x08, 0x88, 0x09, 0x08, 0x0b,
  0xf5, 0x02, 0xeb, 0x06, 0xe2, 0x06, 0xa0, 0x05, 0xe4, 0x06, 0x9e, 0x02,
  0x9f, 0x02, 0x06, 0x6e, 0x79, 0x6c, 0x69, 0x75, 0x6d, 0x02, 0xeb, 0x06,
  0xe2, 0x06, 0x08, 0x6f, 0x61, 0x6b, 0x5f, 0x6c, 0x6f, 0x67, 0x73, 0x04,
  0x31, 0x47, 0x44, 0x4f, 0x1a, 0x6f, 0x63, 0x63, 0x6c, 0x75, 0x64, 0x65,
  0x73, 0x5f, 0x76, 0x69, 0x62, 0x72, 0x61, 0x74, 0x69, 0x6f, 0x6e, 0x5f,
  0x73, 0x69, 0x67, 0x6e, 0x61, 0x6c, 0x73, 0x10, 0x8c, 0x01, 0x8d, 0x01,
  0x8e, 0x01, 0x8f, 0x01, 0x90, 0x01, 0x91, 0x01, 0x92, 0x01, 0x93, 0x01,
  0x94, 0x01, 0x95, 0x01, 0x96, 0x01, 0x97, 0x01, 0x98, 0x01, 0x99, 0x01,
  0x9a, 0x01, 0x9b, 0x01, 0x24, 0x6f, 0x76, 0x65, 0x72, 0x72, 0x69, 0x64,
  0x65, 0x73, 0x5f, 0x6d, 0x75, 0x73, 0x68, 0x72, 0x6f, 0x6f, 0x6d, 0x5f,
  0x6c, 0x69, 0x67, 0x68, 0x74, 0x5f, 0x72, 0x65, 0x71, 0x75, 0x69, 0x72,
  0x65, 0x6d, 0x65, 0x6e, 0x74, 0x04, 0xf5, 0x02, 0x0b, 0xeb, 0x06, 0xe2,
  0x06, 0x1d, 0x6f, 0x76, 0x65, 0x72, 0x77, 0x6f, 0x72, 0x6c, 0x64, 0x5f,
  0x63, 0x61, 0x72, 0x76, 0x65, 0x72, 0x5f, 0x72, 0x65, 0x70, 0x6c, 0x61,
  0x63, 0x65, 0x61, 0x62, 0x6c, 0x65, 0x73, 0x34, 0x01, 0x02, 0x04, 0x06,
  0xd8, 0x07, 0xe3, 0x08, 0x09, 0x0a, 0xe1, 0x08, 0xe2, 0x08, 0x3b, 0xdc,
  0x08, 0x88, 0x09, 0x08, 0x0b, 0xf5, 0x02, 0x25, 0x27, 0x26, 0xaa, 0x04,
  0xe4, 0x03, 0xe5, 0x03, 0xe6, 0x03, 0xe7, 0x03, 0xe8, 0x03, 0xe9, 0x03,
  0xea, 0x03, 0xeb, 0x03, 0xec, 0x03, 0xed, 0x03, 0xee, 0x03, 0xef, 0x03,
  0xf0, 0x03, 0xf1, 0x03, 0xf2, 0x03, 0xf3, 0x03, 0x2c, 0x2d, 0xf3, 0x07,
  0xf4, 0x07, 0x94, 0x02, 0x96, 0x02, 0xe8, 0x07, 0x23, 0x28, 0x29, 0x6a,
  0xd3, 0x04, 0xe6, 0x07, 0xac, 0x04, 0xf9, 0x08, 0xfa, 0x08, 0x16, 0x6f,
  0x76, 0x65, 0x72, 0x77, 0x6f, 0x72, 0x6c, 0x64, 0x5f, 0x6e, 0x61, 0x74,
  0x75, 0x72, 0x61, 0x6c, 0x5f, 0x6c, 0x6f, 0x67, 0x73, 0x09, 0x35, 0x33,
  0x31, 0x34, 0x32, 0x37, 0x38, 0x39, 0x36, 0x0d, 0x70, 0x61, 0x6c, 0x65,
  0x5f, 0x6f, 0x61, 0x6b, 0x5f, 0x6c, 0x6f, 0x67, 0x73, 0x04, 0x38, 0x14,
  0x43, 0x56, 0x14, 0x70, 0x61, 0x72, 0x72, 0x6f, 0x74, 0x73, 0x5f, 0x73,
  0x70, 0x61, 0x77, 0x6e, 0x61, 0x62, 0x6c, 0x65, 0x5f, 0x6f, 0x6e, 0x39,
  0x08, 0x00, 0x5b, 0x58, 0x59, 0x5f, 0x5e, 0x5c, 0x5a, 0x61, 0x62, 0x60,
  0x5d, 0x37, 0x4d, 0x42, 0x55, 0x38, 0x14, 0x43, 0x56, 0x31, 0x47, 0x44,
  0x4f, 0x35, 0x4b, 0x40, 0x53, 0x33, 0x49, 0x3e, 0x51, 0x34, 0x4a, 0x3f,
  0x52, 0x32, 0x48, 0x3d, 0x50, 0x39, 0x4e, 0x45, 0x57, 0x36, 0x4c, 0x41,
  0x54, 0xe7, 0x06, 0xe8, 0x06, 0xe9, 0x06, 0xea, 0x06, 0xde, 0x06, 0xdf,
  0x06, 0xe0, 0x06, 0xe1, 0x06, 0x11, 0x70, 0x69, 0x67, 0x6c, 0x69, 0x6e,
  0x5f, 0x72, 0x65, 0x70, 0x65, 0x6c, 0x6c, 0x65, 0x6e, 0x74, 0x73, 0x05,
  0xc5, 0x01, 0xa2, 0x02, 0xd2, 0x06, 0xa3, 0x02, 0xdc, 0x06, 0x06, 0x70,
  0x6c, 0x61, 0x6e, 0x6b, 0x73, 0x0c, 0x0d, 0x0e, 0x0f, 0x10, 0x11, 0x13,
  0x15, 0xf3, 0x06, 0xf4, 0x06, 0x16, 0x17, 0x12, 0x22, 0x70, 0x6f, 0x6c,
  0x61, 0x72, 0x5f, 0x62, 0x65, 0x61, 0x72, 0x73, 0x5f, 0x73, 0x70, 0x61,
  0x77, 0x6e, 0x61, 0x62, 0x6c, 0x65, 0x5f, 0x6f, 0x6e, 0x5f, 0x61, 0x6c,
  0x74, 0x65, 0x72, 0x6e, 0x61, 0x74, 0x65, 0x01, 0x95, 0x02, 0x07, 0x70,
  0x6f, 0x72, 0x74, 0x61, 0x6c, 0x73, 0x03, 0xa7, 0x02, 0x87, 0x03, 0x9b,
  0x05, 0x0f, 0x70, 0x72, 0x65, 0x73, 0x73, 0x75, 0x72, 0x65, 0x5f, 0x70,
  0x6c, 0x61, 0x74, 0x65, 0x73, 0x10, 0xd7, 0x03, 0xd8, 0x03, 0x85, 0x02,
  0x86, 0x02, 0x87, 0x02, 0x88, 0x02, 0x89, 0x02, 0x8b, 0x02, 0x8c, 0x02,
  0xf7, 0x06, 0xf8, 0x06, 0x8d, 0x02, 0x8e, 0x02, 0x8a, 0x02, 0x83, 0x02,
  0xaa, 0x07, 0x1b, 0x70, 0x72, 0x65, 0x76, 0x65, 0x6e, 0x74, 0x5f, 0x6d,
  0x6f, 0x62, 0x5f, 0x73, 0x70, 0x61, 0x77, 0x6e, 0x69, 0x6e, 0x67, 0x5f,
  0x69, 0x6e, 0x73, 0x69, 0x64, 0x65, 0x04, 0xde, 0x01, 0x7e, 0x7f, 0xe2,
  0x03, 0x1a, 0x70, 0x72, 0x65, 0x76, 0x65, 0x6e, 0x74, 0x73, 0x5f, 0x6e,
  0x65, 0x61, 0x72, 0x62, 0x79, 0x5f, 0x6c, 0x65, 0x61, 0x66, 0x5f, 0x64,
  0x65, 0x63, 0x61, 0x79, 0x2c, 0x37, 0x4d, 0x42, 0x55, 0x38, 0x14, 0x43,
  0x56, 0x31, 0x47, 0x44, 0x4f, 0x35, 0x4b, 0x40, 0x53, 0x33, 0x49, 0x3e,
  0x51, 0x34, 0x4a, 0x3f, 0x52, 0x32, 0x48, 0x3d, 0x50, 0x39, 0x4e, 0x45,
  0x57, 0x36, 0x4c, 0x41, 0x54, 0xe7, 0x06, 0xe8, 0x06, 0xe9, 0x06, 0xea,
  0x06, 0xde, 0x06, 0xdf, 0x06, 0xe0, 0x06, 0xe1, 0x06, 0x14, 0x72, 0x61,
  0x62, 0x62, 0x69, 0x74, 0x73, 0x5f, 0x73, 0x70, 0x61, 0x77, 0x6e, 0x61,
  0x62, 0x6c, 0x65, 0x5f, 0x6f, 0x6e, 0x04, 0x08, 0x94, 0x02, 0x96, 0x02,
  0x25, 0x05, 0x72, 0x61, 0x69, 0x6c, 0x73, 0x04, 0xde, 0x01, 0x7e, 0x7f,
  0xe2, 0x03, 0x0d, 0x72, 0x65, 0x64, 0x73, 0x74, 0x6f, 0x6e, 0x65, 0x5f,
  0x6f, 0x72, 0x65, 0x73, 0x02, 0x8f, 0x02, 0x90, 0x02, 0x0b, 0x72, 0x65,
  0x70, 0x6c, 0x61, 0x63, 0x65, 0x61, 0x62, 0x6c, 0x65, 0x1d, 0x00, 0x23,
  0x24, 0x82, 0x01, 0x83, 0x01, 0x84, 0x01, 0x85, 0x01, 0x86, 0x01, 0x87,
  0x01, 0x88, 0x01, 0x89, 0x01, 0xc4, 0x01, 0xc5, 0x01, 0x94, 0x02, 0xee,
  0x02, 0xef, 0x02, 0xf0, 0x02, 0x8d, 0x04, 0xb1, 0x04, 0xb2, 0x04, 0xa3,
  0x05, 0x9a, 0x06, 0x9b, 0x06, 0x9c, 0x06, 0xe5, 0x06, 0xe6, 0x06, 0xf2,
  0x06, 0xdb, 0x08, 0xe0, 0x08, 0x18, 0x72, 0x65, 0x70, 0x6c, 0x61, 0x63,
  0x65, 0x61, 0x62, 0x6c, 0x65, 0x5f, 0x62, 0x79, 0x5f, 0x6d, 0x75, 0x73,
  0x68, 0x72, 0x6f, 0x6f, 0x6d, 0x73, 0x39, 0x5b, 0x58, 0x59, 0x5f, 0x5e,
  0x5c, 0x5a, 0x61, 0x62, 0x60, 0x5d, 0x9d, 0x01, 0x8b, 0x09, 0xa0, 0x01,
  0xa1, 0x01, 0xa2, 0x01, 0xa3, 0x01, 0xa4, 0x01, 0xa5, 0x01, 0xa6, 0x01,
  0xa7, 0x01, 0xa8, 0x01, 0xa9, 0x01, 0xab, 0x01, 0xaa, 0x01, 0x9f, 0x01,
  0x8c, 0x09, 0x9e, 0x01, 0x89, 0x09, 0x82, 0x01, 0x83, 0x01, 0x84, 0x01,
  0xee, 0x02, 0xef, 0x02, 0xad, 0x04, 0xae, 0x04, 0xaf, 0x04, 0xb0, 0x04,
  0xb1, 0x04, 0xb2, 0x04, 0xe0, 0x08, 0x98, 0x05, 0x23, 0x88, 0x01, 0x89,
  0x01, 0xac, 0x01, 0xad, 0x01, 0xd2, 0x02, 0xd3, 0x02, 0xe5, 0x06, 0xe6,
  0x06, 0xf2, 0x06, 0xdb, 0x08, 0x86, 0x01, 0x87, 0x01, 0x85, 0x01, 0x8f,
  0x09, 0x14, 0x72, 0x65, 0x70, 0x6c, 0x61, 0x63, 0x65, 0x61, 0x62, 0x6c,
  0x65, 0x5f, 0x62, 0x79, 0x5f, 0x74, 0x72, 0x65, 0x65, 0x73, 0x35, 0x5b,
  0x58, 0x59, 0x5f, 0x5e, 0x5c, 0x5a, 0x61, 0x62, 0x60, 0x5d, 0x9d, 0x01,
  0x8b, 0x09, 0xa0, 0x01, 0xa1, 0x01, 0xa2, 0x01, 0xa3, 0x01, 0xa4, 0x01,
  0xa5, 0x01, 0xa6, 0x01, 0xa7, 0x01, 0xa8, 0x01, 0xa9, 0x01, 0xab, 0x01,
  0xaa, 0x01, 0x9f, 0x01, 0x8c, 0x09, 0x9e, 0x01, 0x89, 0x09, 0x82, 0x01,
  0x83, 0x01, 0x84, 0x01, 0xee, 0x02, 0xef, 0x02, 0xad, 0x04, 0xae, 0x04,
  0xaf, 0x04, 0xb0, 0x04, 0xb1, 0x04, 0xb2, 0x04, 0xe0, 0x08, 0x98, 0x05,
  0x23, 0x88, 0x01, 0x89, 0x01, 0x85, 0x01, 0x8f, 0x09, 0xe5, 0x06, 0xe6,
  0x06, 0xf2, 0x06, 0xdb, 0x08, 0x86, 0x01, 0x87, 0x01, 0x04, 0x73, 0x61,
  0x6e, 0x64, 0x03, 0x25, 0x27, 0x26, 0x08, 0x73, 0x61, 0x70, 0x6c, 0x69,
  0x6e, 0x67, 0x73, 0x0b, 0x19, 0x1a, 0x1b, 0x1c, 0x1d, 0x1f, 0x20, 0xd6,
  0x08, 0xd7, 0x08, 0x21, 0x1e, 0x11, 0x73, 0x63, 0x75, 0x6c, 0x6b, 0x5f,
  0x72, 0x65, 0x70, 0x6c, 0x61, 0x63, 0x65, 0x61, 0x62, 0x6c, 0x65, 0x32,
  0x01, 0x02, 0x04, 0x06, 0xd8, 0x07, 0xe3, 0x08, 0x09, 0x0a, 0xe1, 0x08,
  0xe2, 0x08, 0x3b, 0xdc, 0x08, 0x88, 0x09, 0x08, 0x0b, 0xf5, 0x02, 0xaa,
  0x04, 0xe4, 0x03, 0xe5, 0x03, 0xe6, 0x03, 0xe7, 0x03, 0xe8, 0x03, 0xe9,
  0x03, 0xea, 0x03, 0xeb, 0x03, 0xec, 0x03, 0xed, 0x03, 0xee, 0x03, 0xef,
  0x03, 0xf0, 0x03, 0xf1, 0x03, 0xf2, 0x03, 0xf3, 0x03, 0xeb, 0x06, 0xe2,
  0x06, 0x9d, 0x02, 0xa0, 0x02, 0x9c, 0x07, 0x25, 0x27, 0x28, 0x9e, 0x02,
  0x9f, 0x02, 0xe6, 0x07, 0xf8, 0x08, 0x99, 0x02, 0xd2, 0x08, 0x89, 0x03,
  0xd3, 0x04, 0x6a, 0x1b, 0x73, 0x63, 0x75, 0x6c, 0x6b, 0x5f, 0x72, 0x65,
  0x70, 0x6c, 0x61, 0x63, 0x65, 0x61, 0x62, 0x6c, 0x65, 0x5f, 0x77, 0x6f,
  0x72, 0x6c, 0x64, 0x5f, 0x67, 0x65, 0x6e, 0x38, 0x01, 0x02, 0x04, 0x06,
  0xd8, 0x07, 0xe3, 0x08, 0x09, 0x0a, 0xe1, 0x08, 0xe2, 0x08, 0x3b, 0xdc,
  0x08, 0x88, 0x09, 0x08, 0x0b, 0xf5, 0x02, 0xaa, 0x04, 0xe4, 0x03, 0xe5,
  0x03, 0xe6, 0x03, 0xe7, 0x03, 0xe8, 0x03, 0xe9, 0x03, 0xea, 0x03, 0xeb,
  0x03, 0xec, 0x03, 0xed, 0x03, 0xee, 0x03, 0xef, 0x03, 0xf0, 0x03, 0xf1,
  0x03, 0xf2, 0x03, 0xf3, 0x03, 0xeb, 0x06, 0xe2, 0x06, 0x9d, 0x02, 0xa0,
  0x02, 0x9c, 0x07, 0x25, 0x27, 0x28, 0x9e, 0x02, 0x9f, 0x02, 0xe6, 0x07,
  0xf8, 0x08, 0x99, 0x02, 0xd2, 0x08, 0x89, 0x03, 0xd3, 0x04, 0x6a, 0xf0,
  0x08, 0xec, 0x08, 0xe4, 0x08, 0xf5, 0x08, 0xf6, 0x08, 0xe8, 0x08, 0x0d,
  0x73, 0x68, 0x75, 0x6c, 0x6b, 0x65, 0x72, 0x5f, 0x62, 0x6f, 0x78, 0x65,
  0x73, 0x11, 0xa5, 0x05, 0xb5, 0x05, 0xb1, 0x05, 0xb2, 0x05, 0xaf, 0x05,
  0xad, 0x05, 0xb3, 0x05, 0xa9, 0x05, 0xae, 0x05, 0xab, 0x05, 0xa8, 0x05,
  0xa7, 0x05, 0xac, 0x05, 0xb0, 0x05, 0xb4, 0x05, 0xa6, 0x05, 0xaa, 0x05,
  0x05, 0x73, 0x69, 0x67, 0x6e, 0x73, 0x18, 0xd2, 0x01, 0xd3, 0x01, 0xd4,
  0x01, 0xd5, 0x01, 0xd7, 0x01, 0xd8, 0x01, 0xd9, 0x01, 0x85, 0x07, 0x86,
  0x07, 0xda, 0x01, 0xdb, 0x01, 0xd6, 0x01, 0xe0, 0x01, 0xe1, 0x01, 0xe2,
  0x01, 0xe3, 0x01, 0xe5, 0x01, 0xe6, 0x01, 0xe7, 0x01, 0x87, 0x07, 0x88,
  0x07, 0xe8, 0x01, 0xe9, 0x01, 0xe4, 0x01, 0x05, 0x73, 0x6c, 0x61, 0x62,
  0x73, 0x3e, 0xd7, 0x04, 0xd8, 0x04, 0xd9, 0x04, 0xda, 0x04, 0xdb, 0x04,
  0xdd, 0x04, 0xde, 0x04, 0xf5, 0x06, 0xf6, 0x06, 0xdf, 0x04, 0xe0, 0x04,
  0xdc, 0x04, 0xe1, 0x04, 0xe2, 0x04, 0xe3, 0x04, 0xe9, 0x04, 0xe4, 0x04,
  0xef, 0x04, 0xec, 0x04, 0xed, 0x04, 0xe8, 0x04, 0xe7, 0x04, 0xeb, 0x04,
  0xe6, 0x04, 0x95, 0x04, 0x96, 0x04, 0x97, 0x04, 0xab, 0x06, 0xac, 0x06,
  0xad, 0x06, 0xae, 0x06, 0xaf, 0x06, 0xb0, 0x06, 0xb1, 0x06, 0xb2, 0x06,
  0xb3, 0x06, 0xb4, 0x06, 0xb5, 0x06, 0xb6, 0x06, 0xb7, 0x06, 0xe5, 0x04,
  0xee, 0x04, 0x9f, 0x07, 0xa4, 0x07, 0xa9, 0x07, 0xe6, 0x08, 0xea, 0x08,
  0xee, 0x08, 0xf2, 0x08, 0x96, 0x08, 0x97, 0x08, 0x98, 0x08, 0x85, 0x08,
  0x86, 0x08, 0x87, 0x08, 0x88, 0x08, 0x95, 0x08, 0xea, 0x04, 0xd9, 0x07,
  0xdd, 0x07, 0xe2, 0x07, 0xfa, 0x02, 0x0d, 0x73, 0x6d, 0x61, 0x6c, 0x6c,
  0x5f, 0x66, 0x6c, 0x6f, 0x77, 0x65, 0x72, 0x73, 0x11, 0x9d, 0x01, 0x8b,
  0x09, 0xa0, 0x01, 0xa1, 0x01, 0xa2, 0x01, 0xa3, 0x01, 0xa4, 0x01, 0xa5,
  0x01, 0xa6, 0x01, 0xa7, 0x01, 0xa8, 0x01, 0xa9, 0x01, 0xab, 0x01, 0xaa,
  0x01, 0x9f, 0x01, 0x8c, 0x09, 0x9e, 0x01, 0x0f, 0x73, 0x6d, 0x65, 0x6c,
  0x74, 0x73, 0x5f, 0x74, 0x6f, 0x5f, 0x67, 0x6c, 0x61, 0x73, 0x73, 0x02,
  0x25, 0x27, 0x0f, 0x73, 0x6e, 0x61, 0x70, 0x73, 0x5f, 0x67, 0x6f, 0x61,
  0x74, 0x5f, 0x68, 0x6f, 0x72, 0x6e, 0x0f, 0x35, 0x33, 0x31, 0x34, 0x32,
  0x37, 0x38, 0x39, 0x36, 0x01, 0xac, 0x04, 0x2c, 0x2e, 0xf3, 0x07, 0x8e,
  0x03, 0x16, 0x73, 0x6e, 0x69, 0x66, 0x66, 0x65, 0x72, 0x5f, 0x64, 0x69,
  0x67, 0x67, 0x61, 0x62, 0x6c, 0x65, 0x5f, 0x62, 0x6c, 0x6f, 0x63, 0x6b,
  0x09, 0x09, 0x0a, 0xe1, 0x08, 0xe2, 0x08, 0x3b, 0xdc, 0x08, 0x88, 0x09,
  0x08, 0x0b, 0x17, 0x73, 0x6e, 0x69, 0x66, 0x66, 0x65, 0x72, 0x5f, 0x65,
  0x67, 0x67, 0x5f, 0x68, 0x61, 0x74, 0x63, 0x68, 0x5f, 0x62, 0x6f, 0x6f,
  0x73, 0x74, 0x01, 0xdc, 0x08, 0x04, 0x73, 0x6e, 0x6f, 0x77, 0x03, 0x94,
  0x02, 0x96, 0x02, 0xe8, 0x07, 0x15, 0x73, 0x6f, 0x75, 0x6c, 0x5f, 0x66,
  0x69, 0x72, 0x65, 0x5f, 0x62, 0x61, 0x73, 0x65, 0x5f, 0x62, 0x6c, 0x6f,
  0x63, 0x6b, 0x73, 0x02, 0x9e, 0x02, 0x9f, 0x02, 0x11, 0x73, 0x6f, 0x75,
  0x6c, 0x5f, 0x73, 0x70, 0x65, 0x65, 0x64, 0x5f, 0x62, 0x6c, 0x6f, 0x63,
  0x6b, 0x73, 0x02, 0x9e, 0x02, 0x9f, 0x02, 0x0b, 0x73, 0x70, 0x72, 0x75,
  0x63, 0x65, 0x5f, 0x6c, 0x6f, 0x67, 0x73, 0x04, 0x32, 0x48, 0x3d, 0x50,
  0x06, 0x73, 0x74, 0x61, 0x69, 0x72, 0x73, 0x3a, 0xc8, 0x01, 0x94, 0x03,
  0x95, 0x03, 0x96, 0x03, 0x84, 0x04, 0x86, 0x04, 0x87, 0x04, 0xff, 0x06,
  0x80, 0x07, 0x88, 0x04, 0x89, 0x04, 0x85, 0x04, 0x8a, 0x04, 0xdf, 0x01,
  0x8d, 0x03, 0xff, 0x02, 0xf3, 0x02, 0xf2, 0x02, 0x94, 0x05, 0xe1, 0x03,
  0xd6, 0x04, 0x93, 0x04, 0x92, 0x04, 0x94, 0x04, 0x9d, 0x06, 0x9e, 0x06,
  0x9f, 0x06, 0xa0, 0x06, 0xa1, 0x06, 0xa2, 0x06, 0xa3, 0x06, 0xa4, 0x06,
  0xa5, 0x06, 0xa6, 0x06, 0xa7, 0x06, 0xa8, 0x06, 0xa9, 0x06, 0xaa, 0x06,
  0x9d, 0x07, 0xa5, 0x07, 0xa8, 0x07, 0xe5, 0x08, 0xe9, 0x08, 0xed, 0x08,
  0xf1, 0x08, 0x81, 0x08, 0x82, 0x08, 0x83, 0x08, 0x84, 0x08, 0x92, 0x08,
  0x93, 0x08, 0x94, 0x08, 0x91, 0x08, 0xf4, 0x02, 0xda, 0x07, 0xde, 0x07,
  0xe3, 0x07, 0xf9, 0x02, 0x0e, 0x73, 0x74, 0x61, 0x6e, 0x64, 0x69, 0x6e,
  0x67, 0x5f, 0x73, 0x69, 0x67, 0x6e, 0x73, 0x0c, 0xd2, 0x01, 0xd3, 0x01,
  0xd4, 0x01, 0xd5, 0x01, 0xd7, 0x01, 0xd8, 0x01, 0xd9, 0x01, 0x85, 0x07,
  0x86, 0x07, 0xda, 0x01, 0xdb, 0x01, 0xd6, 0x01, 0x0c, 0x73, 0x74, 0x6f,
  0x6e, 0x65, 0x5f, 0x62, 0x72, 0x69, 0x63, 0x6b, 0x73, 0x04, 0xc6, 0x02,
  0xc7, 0x02, 0xc8, 0x02, 0xc9, 0x02, 0x0d, 0x73, 0x74, 0x6f, 0x6e, 0x65,
  0x5f, 0x62, 0x75, 0x74, 0x74, 0x6f, 0x6e, 0x73, 0x02, 0x93, 0x02, 0xab,
  0x07, 0x16, 0x73, 0x74, 0x6f, 0x6e, 0x65, 0x5f, 0x6f, 0x72, 0x65, 0x5f,
  0x72, 0x65, 0x70, 0x6c, 0x61, 0x63, 0x65, 0x61, 0x62, 0x6c, 0x65, 0x73,
  0x04, 0x01, 0x02, 0x04, 0x06, 0x15, 0x73, 0x74, 0x6f, 0x6e, 0x65, 0x5f,
  0x70, 0x72, 0x65, 0x73, 0x73, 0x75, 0x72, 0x65, 0x5f, 0x70, 0x6c, 0x61,
  0x74, 0x65, 0x73, 0x02, 0x83, 0x02, 0xaa, 0x07, 0x13, 0x73, 0x74, 0x72,
  0x69, 0x64, 0x65, 0x72, 0x5f, 0x77, 0x61, 0x72, 0x6d, 0x5f, 0x62, 0x6c,
  0x6f, 0x63, 0x6b, 0x73, 0x01, 0x24, 0x13, 0x73, 0x75, 0x62, 0x73, 0x74,
  0x72, 0x61, 0x74, 0x65, 0x5f, 0x6f, 0x76, 0x65, 0x72, 0x77, 0x6f, 0x72,
  0x6c, 0x64, 0x0a, 0x09, 0x0a, 0xe1, 0x08, 0xe2, 0x08, 0x3b, 0xdc, 0x08,
  0x88, 0x09, 0x08, 0x0b, 0xf5, 0x02, 0x1e, 0x73, 0x75, 0x70, 0x70, 0x6f,
  0x72, 0x74, 0x5f, 0x6f, 0x76, 0x65, 0x72, 0x72, 0x69, 0x64, 0x65, 0x5f,
  0x63, 0x61, 0x63, 0x74, 0x75, 0x73, 0x5f, 0x66, 0x6c, 0x6f, 0x77, 0x65,
  0x72, 0x02, 0x97, 0x02, 0xd0, 0x01, 0x1b, 0x73, 0x75, 0x70, 0x70, 0x6f,
  0x72, 0x74, 0x5f, 0x6f, 0x76, 0x65, 0x72, 0x72, 0x69, 0x64, 0x65, 0x5f,
  0x73, 0x6e, 0x6f, 0x77, 0x5f, 0x6c, 0x61, 0x79, 0x65, 0x72, 0x03, 0x91,
  0x07, 0x9e, 0x02, 0xe2, 0x08, 0x0f, 0x73, 0x75, 0x70, 0x70, 0x6f, 0x72,
  0x74, 0x73, 0x5f, 0x61, 0x7a, 0x61, 0x6c, 0x65, 0x61, 0x0c, 0x09, 0x0a,
  0xe1, 0x08, 0xe2, 0x08, 0x3b, 0xdc, 0x08, 0x88, 0x09, 0x08, 0x0b, 0xf5,
  0x02, 0xd0, 0x01, 0x99, 0x02, 0x0f, 0x73, 0x75, 0x70, 0x70, 0x6f, 0x72,
  0x74, 0x73, 0x5f, 0x62, 0x61, 0x6d, 0x62, 0x6f, 0x6f, 0x11, 0x25, 0x27,
  0x26, 0x09, 0x0a, 0xe1, 0x08, 0xe2, 0x08, 0x3b, 0xdc, 0x08, 0x88, 0x09,
  0x08, 0x0b, 0xf5, 0x02, 0x98, 0x06, 0x97, 0x06, 0x28, 0x29, 0x15, 0x73,
  0x75, 0x70, 0x70, 0x6f, 0x72, 0x74, 0x73, 0x5f, 0x62, 0x69, 0x67, 0x5f,
  0x64, 0x72, 0x69, 0x70, 0x6c, 0x65, 0x61, 0x66, 0x0b, 0x99, 0x02, 0xdc,
  0x08, 0x09, 0x08, 0x0b, 0x0a, 0xf5, 0x02, 0xe1, 0x08, 0xe2, 0x08, 0x3b,
  0xd0, 0x01, 0x0f, 0x73, 0x75, 0x70, 0x70, 0x6f, 0x72, 0x74, 0x73, 0x5f,
  0x63, 0x61, 0x63, 0x74, 0x75, 0x73, 0x03, 0x25, 0x27, 0x26, 0x16, 0x73,
  0x75, 0x70, 0x70, 0x6f, 0x72, 0x74, 0x73, 0x5f, 0x63, 0x68, 0x6f, 0x72,
  0x75, 0x73, 0x5f, 0x66, 0x6c, 0x6f, 0x77, 0x65, 0x72, 0x01, 0x89, 0x03,
  0x15, 0x73, 0x75, 0x70, 0x70, 0x6f, 0x72, 0x74, 0x73, 0x5f, 0x63, 0x68,
  0x6f, 0x72, 0x75, 0x73, 0x5f, 0x70, 0x6c, 0x61, 0x6e, 0x74, 0x01, 0x89,
  0x03, 0x0e, 0x73, 0x75, 0x70, 0x70, 0x6f, 0x72, 0x74, 0x73, 0x5f, 0x63,
  0x6f, 0x63, 0x6f, 0x61, 0x04, 0x34, 0x4a, 0x3f, 0x52, 0x17, 0x73, 0x75,
  0x70, 0x70, 0x6f, 0x72, 0x74, 0x73, 0x5f, 0x63, 0x72, 0x69, 0x6d, 0x73,
  0x6f, 0x6e, 0x5f, 0x66, 0x75, 0x6e, 0x67, 0x75, 0x73, 0x0e, 0x09, 0x0a,
  0xe1, 0x08, 0xe2, 0x08, 0x3b, 0xdc, 0x08, 0x88, 0x09, 0x08, 0x0b, 0xf5,
  0x02, 0xd0, 0x01, 0xeb, 0x06, 0xe2, 0x06, 0x9f, 0x02, 0x16, 0x73, 0x75,
  0x70, 0x70, 0x6f, 0x72, 0x74, 0x73, 0x5f, 0x63, 0x72, 0x69, 0x6d, 0x73,
  0x6f, 0x6e, 0x5f, 0x72, 0x6f, 0x6f, 0x74, 0x73, 0x0e, 0x09, 0x0a, 0xe1,
  0x08, 0xe2, 0x08, 0x3b, 0xdc, 0x08, 0x88, 0x09, 0x08, 0x0b, 0xf5, 0x02,
  0xd0, 0x01, 0xeb, 0x06, 0xe2, 0x06, 0x9f, 0x02, 0x0e, 0x73, 0x75, 0x70,
  0x70, 0x6f, 0x72, 0x74, 0x73, 0x5f, 0x63, 0x72, 0x6f, 0x70, 0x73, 0x01,
  0xd0, 0x01, 0x17, 0x73, 0x75, 0x70, 0x70, 0x6f, 0x72, 0x74, 0x73, 0x5f,
  0x64, 0x72, 0x79, 0x5f, 0x76, 0x65, 0x67, 0x65, 0x74, 0x61, 0x74, 0x69,
  0x6f, 0x6e, 0x1f, 0x25, 0x27, 0x26, 0xaa, 0x04, 0xe4, 0x03, 0xe5, 0x03,
  0xe6, 0x03, 0xe7, 0x03, 0xe8, 0x03, 0xe9, 0x03, 0xea, 0x03, 0xeb, 0x03,
  0xec, 0x03, 0xed, 0x03, 0xee, 0x03, 0xef, 0x03, 0xf0, 0x03, 0xf1, 0x03,
  0xf2, 0x03, 0xf3, 0x03, 0x09, 0x0a, 0xe1, 0x08, 0xe2, 0x08, 0x3b, 0xdc,
  0x08, 0x88, 0x09, 0x08, 0x0b, 0xf5, 0x02, 0xd0, 0x01, 0x12, 0x73, 0x75,
  0x70, 0x70, 0x6f, 0x72, 0x74, 0x73, 0x5f, 0x66, 0x72, 0x6f, 0x67, 0x73,
  0x70, 0x61, 0x77, 0x6e, 0x00, 0x23, 0x73, 0x75, 0x70, 0x70, 0x6f, 0x72,
  0x74, 0x73, 0x5f, 0x68, 0x61, 0x6e, 0x67, 0x69, 0x6e, 0x67, 0x5f, 0x6d,
  0x61, 0x6e, 0x67, 0x72, 0x6f, 0x76, 0x65, 0x5f, 0x70, 0x72, 0x6f, 0x70,
  0x61, 0x67, 0x75, 0x6c, 0x65, 0x01, 0x60, 0x11, 0x73, 0x75, 0x70, 0x70,
  0x6f, 0x72, 0x74, 0x73, 0x5f, 0x6c, 0x69, 0x6c, 0x79, 0x5f, 0x70, 0x61,
  0x64, 0x02, 0x95, 0x02, 0x9e, 0x05, 0x1b, 0x73, 0x75, 0x70, 0x70, 0x6f,
  0x72, 0x74, 0x73, 0x5f, 0x6d, 0x61, 0x6e, 0x67, 0x72, 0x6f, 0x76, 0x65,
  0x5f, 0x70, 0x72, 0x6f, 0x70, 0x61, 0x67, 0x75, 0x6c, 0x65, 0x0c, 0x09,
  0x0a, 0xe1, 0x08, 0xe2, 0x08, 0x3b, 0xdc, 0x08, 0x88, 0x09, 0x08, 0x0b,
  0xf5, 0x02, 0xd0, 0x01, 0x99, 0x02, 0x13, 0x73, 0x75, 0x70, 0x70, 0x6f,
  0x72, 0x74, 0x73, 0x5f, 0x6d, 0x65, 0x6c, 0x6f, 0x6e, 0x5f, 0x73, 0x74,
  0x65, 0x6d, 0x01, 0xd0, 0x01, 0x19, 0x73, 0x75, 0x70, 0x70, 0x6f, 0x72,
  0x74, 0x73, 0x5f, 0x6d, 0x65, 0x6c, 0x6f, 0x6e, 0x5f, 0x73, 0x74, 0x65,
  0x6d, 0x5f, 0x66, 0x72, 0x75, 0x69, 0x74, 0x0b, 0x09, 0x0a, 0xe1, 0x08,
  0xe2, 0x08, 0x3b, 0xdc, 0x08, 0x88, 0x09, 0x08, 0x0b, 0xf5, 0x02, 0xd0,
  0x01, 0x17, 0x73, 0x75, 0x70, 0x70, 0x6f, 0x72, 0x74, 0x73, 0x5f, 0x6e,
  0x65, 0x74, 0x68, 0x65, 0x72, 0x5f, 0x73, 0x70, 0x72, 0x6f, 0x75, 0x74,
  0x73, 0x0e, 0x09, 0x0a, 0xe1, 0x08, 0xe2, 0x08, 0x3b, 0xdc, 0x08, 0x88,
  0x09, 0x08, 0x0b, 0xf5, 0x02, 0xd0, 0x01, 0xeb, 0x06, 0xe2, 0x06, 0x9f,
  0x02, 0x14, 0x73, 0x75, 0x70, 0x70, 0x6f, 0x72, 0x74, 0x73, 0x5f, 0x6e,
  0x65, 0x74, 0x68, 0x65, 0x72, 0x5f, 0x77, 0x61, 0x72, 0x74, 0x01, 0x9e,
  0x02, 0x15, 0x73, 0x75, 0x70, 0x70, 0x6f, 0x72, 0x74, 0x73, 0x5f, 0x70,
  0x75, 0x6d, 0x70, 0x6b, 0x69, 0x6e, 0x5f, 0x73, 0x74, 0x65, 0x6d, 0x01,
  0xd0, 0x01, 0x1b, 0x73, 0x75, 0x70, 0x70, 0x6f, 0x72, 0x74, 0x73, 0x5f,
  0x70, 0x75, 0x6d, 0x70, 0x6b, 0x69, 0x6e, 0x5f, 0x73, 0x74, 0x65, 0x6d,
  0x5f, 0x66, 0x72, 0x75, 0x69, 0x74, 0x0b, 0x09, 0x0a, 0xe1, 0x08, 0xe2,
  0x08, 0x3b, 0xdc, 0x08, 0x88, 0x09, 0x08, 0x0b, 0xf5, 0x02, 0xd0, 0x01,
  0x17, 0x73, 0x75, 0x70, 0x70, 0x6f, 0x72, 0x74, 0x73, 0x5f, 0x73, 0x6d,
  0x61, 0x6c, 0x6c, 0x5f, 0x64, 0x72, 0x69, 0x70, 0x6c, 0x65, 0x61, 0x66,
  0x02, 0x99, 0x02, 0xdc, 0x08, 0x13, 0x73, 0x75, 0x70, 0x70, 0x6f, 0x72,
  0x74, 0x73, 0x5f, 0x73, 0x74, 0x65, 0x6d, 0x5f, 0x63, 0x72, 0x6f, 0x70,
  0x73, 0x01, 0xd0, 0x01, 0x13, 0x73, 0x75, 0x70, 0x70, 0x6f, 0x72, 0x74,
  0x73, 0x5f, 0x73, 0x74, 0x65, 0x6d, 0x5f, 0x66, 0x72, 0x75, 0x69, 0x74,
  0x0b, 0x09, 0x0a, 0xe1, 0x08, 0xe2, 0x08, 0x3b, 0xdc, 0x08, 0x88, 0x09,
  0x08, 0x0b, 0xf5, 0x02, 0xd0, 0x01, 0x13, 0x73, 0x75, 0x70, 0x70, 0x6f,
  0x72, 0x74, 0x73, 0x5f, 0x73, 0x75, 0x67, 0x61, 0x72, 0x5f, 0x63, 0x61,
  0x6e, 0x65, 0x0d, 0x09, 0x0a, 0xe1, 0x08, 0xe2, 0x08, 0x3b, 0xdc, 0x08,
  0x88, 0x09, 0x08, 0x0b, 0xf5, 0x02, 0x25, 0x27, 0x26, 0x1e, 0x73, 0x75,
  0x70, 0x70, 0x6f, 0x72, 0x74, 0x73, 0x5f, 0x73, 0x75, 0x67, 0x61, 0x72,
  0x5f, 0x63, 0x61, 0x6e, 0x65, 0x5f, 0x61, 0x64, 0x6a, 0x61, 0x63, 0x65,
  0x6e, 0x74, 0x6c, 0x79, 0x01, 0x9e, 0x05, 0x13, 0x73, 0x75, 0x70, 0x70,
  0x6f, 0x72, 0x74, 0x73, 0x5f, 0x76, 0x65, 0x67, 0x65, 0x74, 0x61, 0x74,
  0x69, 0x6f, 0x6e, 0x0b, 0x09, 0x0a, 0xe1, 0x08, 0xe2, 0x08, 0x3b, 0xdc,
  0x08, 0x88, 0x09, 0x08, 0x0b, 0xf5, 0x02, 0xd0, 0x01, 0x16, 0x73, 0x75,
  0x70, 0x70, 0x6f, 0x72, 0x74, 0x73, 0x5f, 0x77, 0x61, 0x72, 0x70, 0x65,
  0x64, 0x5f, 0x66, 0x75, 0x6e, 0x67, 0x75, 0x73, 0x0e, 0x09, 0x0a, 0xe1,
  0x08, 0xe2, 0x08, 0x3b, 0xdc, 0x08, 0x88, 0x09, 0x08, 0x0b, 0xf5, 0x02,
  0xd0, 0x01, 0xeb, 0x06, 0xe2, 0x06, 0x9f, 0x02, 0x15, 0x73, 0x75, 0x70,
  0x70, 0x6f, 0x72, 0x74, 0x73, 0x5f, 0x77, 0x61, 0x72, 0x70, 0x65, 0x64,
  0x5f, 0x72, 0x6f, 0x6f, 0x74, 0x73, 0x0e, 0x09, 0x0a, 0xe1, 0x08, 0xe2,
  0x08, 0x3b, 0xdc, 0x08, 0x88, 0x09, 0x08, 0x0b, 0xf5, 0x02, 0xd0, 0x01,
  0xeb, 0x06, 0xe2, 0x06, 0x9f, 0x02, 0x14, 0x73, 0x75, 0x70, 0x70, 0x6f,
  0x72, 0x74, 0x73, 0x5f, 0x77, 0x69, 0x74, 0x68, 0x65, 0x72, 0x5f, 0x72,
  0x6f, 0x73, 0x65, 0x0e, 0x09, 0x0a, 0xe1, 0x08, 0xe2, 0x08, 0x3b, 0xdc,
  0x08, 0x88, 0x09, 0x08, 0x0b, 0xf5, 0x02, 0xd0, 0x01, 0x9d, 0x02, 0x9e,
  0x02, 0x9f, 0x02, 0x0f, 0x73, 0x77, 0x6f, 0x72, 0x64, 0x5f, 0x65, 0x66,
  0x66, 0x69, 0x63, 0x69, 0x65, 0x6e, 0x74, 0x16, 0x5b, 0x58, 0x59, 0x5f,
  0x5e, 0x5c, 0x5a, 0x61, 0x62, 0x60, 0x5d, 0xee, 0x02, 0xef, 0x02, 0xe8,
  0x02, 0xa8, 0x02, 0xa9, 0x02, 0xe9, 0x02, 0x8c, 0x03, 0xdd, 0x08, 0xde,
  0x08, 0x90, 0x05, 0x91, 0x05, 0x15, 0x73, 0x77, 0x6f, 0x72, 0x64, 0x5f,
  0x69, 0x6e, 0x73, 0x74, 0x61, 0x6e, 0x74, 0x6c, 0x79, 0x5f, 0x6d, 0x69,
  0x6e, 0x65, 0x73, 0x02, 0x98, 0x06, 0x97, 0x06, 0x0a, 0x74, 0x65, 0x72,
  0x72, 0x61, 0x63, 0x6f, 0x74, 0x74, 0x61, 0x11, 0xaa, 0x04, 0xe4, 0x03,
  0xe5, 0x03, 0xe6, 0x03, 0xe7, 0x03, 0xe8, 0x03, 0xe9, 0x03, 0xea, 0x03,
  0xeb, 0x03, 0xec, 0x03, 0xed, 0x03, 0xee, 0x03, 0xef, 0x03, 0xf0, 0x03,
  0xf1, 0x03, 0xf2, 0x03, 0xf3, 0x03, 0x17, 0x74, 0x72, 0x61, 0x69, 0x6c,
  0x5f, 0x72, 0x75, 0x69, 0x6e, 0x73, 0x5f, 0x72, 0x65, 0x70, 0x6c, 0x61,
  0x63, 0x65, 0x61, 0x62, 0x6c, 0x65, 0x01, 0x28, 0x09, 0x74, 0x72, 0x61,
  0x70, 0x64, 0x6f, 0x6f, 0x72, 0x73, 0x15, 0xc0, 0x02, 0xbe, 0x02, 0xc2,
  0x02, 0xc3, 0x02, 0xbf, 0x02, 0xbc, 0x02, 0xbd, 0x02, 0xfb, 0x06, 0xfc,
  0x06, 0xc4, 0x02, 0xc5, 0x02, 0xc1, 0x02, 0x8e, 0x04, 0xa1, 0x08, 0xa2,
  0x08, 0xa4, 0x08, 0xa3, 0x08, 0xa5, 0x08, 0xa6, 0x08, 0xa8, 0x08, 0xa7,
  0x08, 0x33, 0x74, 0x72, 0x69, 0x67, 0x67, 0x65, 0x72, 0x73, 0x5f, 0x61,
  0x6d, 0x62, 0x69, 0x65, 0x6e, 0x74, 0x5f, 0x64, 0x65, 0x73, 0x65, 0x72,
  0x74, 0x5f, 0x64, 0x72, 0x79, 0x5f, 0x76, 0x65, 0x67, 0x65, 0x74, 0x61,
  0x74, 0x69, 0x6f, 0x6e, 0x5f, 0x62, 0x6c, 0x6f, 0x63, 0x6b, 0x5f, 0x73,
  0x6f, 0x75, 0x6e, 0x64, 0x73, 0x13, 0xaa, 0x04, 0xe4, 0x03, 0xe5, 0x03,
  0xe6, 0x03, 0xe7, 0x03, 0xe8, 0x03, 0xe9, 0x03, 0xea, 0x03, 0xeb, 0x03,
  0xec, 0x03, 0xed, 0x03, 0xee, 0x03, 0xef, 0x03, 0xf0, 0x03, 0xf1, 0x03,
  0xf2, 0x03, 0xf3, 0x03, 0x25, 0x27, 0x29, 0x74, 0x72, 0x69, 0x67, 0x67,
  0x65, 0x72, 0x73, 0x5f, 0x61, 0x6d, 0x62, 0x69, 0x65, 0x6e, 0x74, 0x5f,
  0x64, 0x65, 0x73, 0x65, 0x72, 0x74, 0x5f, 0x73, 0x61, 0x6e, 0x64, 0x5f,
  0x62, 0x6c, 0x6f, 0x63, 0x6b, 0x5f, 0x73, 0x6f, 0x75, 0x6e, 0x64, 0x73,
  0x02, 0x25, 0x27, 0x29, 0x74, 0x72, 0x69, 0x67, 0x67, 0x65, 0x72, 0x73,
  0x5f, 0x61, 0x6d, 0x62, 0x69, 0x65, 0x6e, 0x74, 0x5f, 0x64, 0x72, 0x69,
  0x65, 0x64, 0x5f, 0x67, 0x68, 0x61, 0x73, 0x74, 0x5f, 0x62, 0x6c, 0x6f,
  0x63, 0x6b, 0x5f, 0x73, 0x6f, 0x75, 0x6e, 0x64, 0x73, 0x02, 0x9e, 0x02,
  0x9f, 0x02, 0x14, 0x75, 0x6e, 0x64, 0x65, 0x72, 0x77, 0x61, 0x74, 0x65,
  0x72, 0x5f, 0x62, 0x6f, 0x6e, 0x65, 0x6d, 0x65, 0x61, 0x6c, 0x73, 0x10,
  0x88, 0x01, 0xfb, 0x05, 0xfc, 0x05, 0xfd, 0x05, 0xfe, 0x05, 0xff, 0x05,
  0x85, 0x06, 0x86, 0x06, 0x87, 0x06, 0x88, 0x06, 0x89, 0x06, 0x8f, 0x06,
  0x90, 0x06, 0x91, 0x06, 0x92, 0x06, 0x93, 0x06, 0x16, 0x75, 0x6e, 0x73,
  0x74, 0x61, 0x62, 0x6c, 0x65, 0x5f, 0x62, 0x6f, 0x74, 0x74, 0x6f, 0x6d,
  0x5f, 0x63, 0x65, 0x6e, 0x74, 0x65, 0x72, 0x0c, 0xf7, 0x04, 0xf5, 0x04,
  0xf9, 0x04, 0xfa, 0x04, 0xf6, 0x04, 0xf1, 0x02, 0xf4, 0x04, 0xfd, 0x06,
  0xfe, 0x06, 0xfb, 0x04, 0xfc, 0x04, 0xf8, 0x04, 0x0b, 0x76, 0x61, 0x6c,
  0x69, 0x64, 0x5f, 0x73, 0x70, 0x61, 0x77, 0x6e, 0x02, 0x08, 0x0b, 0x14,
  0x76, 0x69, 0x62, 0x72, 0x61, 0x74, 0x69, 0x6f, 0x6e, 0x5f, 0x72, 0x65,
  0x73, 0x6f, 0x6e, 0x61, 0x74, 0x6f, 0x72, 0x73, 0x01, 0xd2, 0x07, 0x0b,
  0x77, 0x61, 0x6c, 0x6c, 0x5f, 0x63, 0x6f, 0x72, 0x61, 0x6c, 0x73, 0x05,
  0x8f, 0x06, 0x90, 0x06, 0x91, 0x06, 0x92, 0x06, 0x93, 0x06, 0x12, 0x77,
  0x61, 0x6c, 0x6c, 0x5f, 0x68, 0x61, 0x6e, 0x67, 0x69, 0x6e, 0x67, 0x5f,
  0x73, 0x69, 0x67, 0x6e, 0x73, 0x0c, 0xf6, 0x01, 0xf7, 0x01, 0xf8, 0x01,
  0xf9, 0x01, 0xfa, 0x01, 0xfb, 0x01, 0xfc, 0x01, 0xfd, 0x01, 0xff, 0x01,
  0x80, 0x02, 0xfe, 0x01, 0x81, 0x02, 0x12, 0x77, 0x61, 0x6c, 0x6c, 0x5f,
  0x70, 0x6f, 0x73, 0x74, 0x5f, 0x6f, 0x76, 0x65, 0x72, 0x72, 0x69, 0x64,
  0x65, 0x4e, 0xc2, 0x01, 0xa2, 0x02, 0x91, 0x02, 0xa4, 0x02, 0x92, 0x03,
  0xd2, 0x01, 0xd3, 0x01, 0xd4, 0x01, 0xd5, 0x01, 0xd7, 0x01, 0xd8, 0x01,
  0xd9, 0x01, 0x85, 0x07, 0x86, 0x07, 0xda, 0x01, 0xdb, 0x01, 0xd6, 0x01,
  0xe0, 0x01, 0xe1, 0x01, 0xe2, 0x01, 0xe3, 0x01, 0xe5, 0x01, 0xe6, 0x01,
  0xe7, 0x01, 0x87, 0x07, 0x88, 0x07, 0xe8, 0x01, 0xe9, 0x01, 0xe4, 0x01,
  0xb3, 0x04, 0xb4, 0x04, 0xb5, 0x04, 0xb6, 0x04, 0xb7, 0x04, 0xb8, 0x04,
  0xb9, 0x04, 0xba, 0x04, 0xbb, 0x04, 0xbc, 0x04, 0xbd, 0x04, 0xbe, 0x04,
  0xbf, 0x04, 0xc0, 0x04, 0xc1, 0x04, 0xc2, 0x04, 0xc3, 0x04, 0xc4, 0x04,
  0xc5, 0x04, 0xc6, 0x04, 0xc7, 0x04, 0xc8, 0x04, 0xc9, 0x04, 0xca, 0x04,
  0xcb, 0x04, 0xcc, 0x04, 0xcd, 0x04, 0xce, 0x04, 0xcf, 0x04, 0xd0, 0x04,
  0xd1, 0x04, 0xd2, 0x04, 0xd7, 0x03, 0xd8, 0x03, 0x85, 0x02, 0x86, 0x02,
  0x87, 0x02, 0x88, 0x02, 0x89, 0x02, 0x8b, 0x02, 0x8c, 0x02, 0xf7, 0x06,
  0xf8, 0x06, 0x8d, 0x02, 0x8e, 0x02, 0x8a, 0x02, 0x83, 0x02, 0xaa, 0x07,
  0x98, 0x02, 0x0a, 0x77, 0x61, 0x6c, 0x6c, 0x5f, 0x73, 0x69, 0x67, 0x6e,
  0x73, 0x0c, 0xe0, 0x01, 0xe1, 0x01, 0xe2, 0x01, 0xe3, 0x01, 0xe5, 0x01,
  0xe6, 0x01, 0xe7, 0x01, 0x87, 0x07, 0x88, 0x07, 0xe8, 0x01, 0xe9, 0x01,
  0xe4, 0x01, 0x05, 0x77, 0x61, 0x6c, 0x6c, 0x73, 0x1a, 0x99, 0x03, 0x9a,
  0x03, 0xb8, 0x06, 0xb9, 0x06, 0xba, 0x06, 0xbb, 0x06, 0xbc, 0x06, 0xbd,
  0x06, 0xbf, 0x06, 0xc0, 0x06, 0xc1, 0x06, 0xc2, 0x06, 0xc3, 0x06, 0xc4,
  0x06, 0x9e, 0x07, 0xa6, 0x07, 0xac, 0x07, 0xe7, 0x08, 0xeb, 0x08, 0xef,
  0x08, 0xf3, 0x08, 0xbe, 0x06, 0xdb, 0x07, 0xdf, 0x07, 0xe4, 0x07, 0xfb,
  0x02, 0x0c, 0x77, 0x61, 0x72, 0x70, 0x65, 0x64, 0x5f, 0x73, 0x74, 0x65,
  0x6d, 0x73, 0x04, 0xde, 0x06, 0xdf, 0x06, 0xe0, 0x06, 0xe1, 0x06, 0x0b,
  0x77, 0x61, 0x72, 0x74, 0x5f, 0x62, 0x6c, 0x6f, 0x63, 0x6b, 0x73, 0x02,
  0xa0, 0x05, 0xe4, 0x06, 0x0d, 0x77, 0x69, 0x74, 0x68, 0x65, 0x72, 0x5f,
  0x69, 0x6d, 0x6d, 0x75, 0x6e, 0x65, 0x0f, 0x8c, 0x04, 0x22, 0x87, 0x03,
  0x88, 0x03, 0x9b, 0x05, 0x97, 0x03, 0x9c, 0x05, 0x9d, 0x05, 0x89, 0x07,
  0x8a, 0x07, 0x9c, 0x01, 0x8d, 0x04, 0x82, 0x09, 0x8b, 0x07, 0x8c, 0x07,
  0x19, 0x77, 0x69, 0x74, 0x68, 0x65, 0x72, 0x5f, 0x73, 0x75, 0x6d, 0x6d,
  0x6f, 0x6e, 0x5f, 0x62, 0x61, 0x73, 0x65, 0x5f, 0x62, 0x6c, 0x6f, 0x63,
  0x6b, 0x73, 0x02, 0x9e, 0x02, 0x9f, 0x02, 0x13, 0x77, 0x6f, 0x6c, 0x76,
  0x65, 0x73, 0x5f, 0x73, 0x70, 0x61, 0x77, 0x6e, 0x61, 0x62, 0x6c, 0x65,
  0x5f, 0x6f, 0x6e, 0x05, 0x08, 0x94, 0x02, 0x96, 0x02, 0x0a, 0x0b, 0x0e,
  0x77, 0x6f, 0x6f, 0x64, 0x65, 0x6e, 0x5f, 0x62, 0x75, 0x74, 0x74, 0x6f,
  0x6e, 0x73, 0x0c, 0xbb, 0x03, 0xbc, 0x03, 0xbd, 0x03, 0xbe, 0x03, 0xbf,
  0x03, 0xc1, 0x03, 0xc2, 0x03, 0x81, 0x07, 0x82, 0x07, 0xc3, 0x03, 0xc4,
  0x03, 0xc0, 0x03, 0x0c, 0x77, 0x6f, 0x6f, 0x64, 0x65, 0x6e, 0x5f, 0x64,
  0x6f, 0x6f, 0x72, 0x73, 0x0c, 0xdc, 0x01, 0x86, 0x05, 0x87, 0x05, 0x88,
  0x05, 0x89, 0x05, 0x8b, 0x05, 0x8c, 0x05, 0x83, 0x07, 0x84, 0x07, 0x8d,
  0x05, 0x8e, 0x05, 0x8a, 0x05, 0x0d, 0x77, 0x6f, 0x6f, 0x64, 0x65, 0x6e,
  0x5f, 0x66, 0x65, 0x6e, 0x63, 0x65, 0x73, 0x0c, 0x9c, 0x02, 0x80, 0x05,
  0x82, 0x05, 0x83, 0x05, 0xfd, 0x04, 0xfe, 0x04, 0xff, 0x04, 0xf9, 0x06,
  0xfa, 0x06, 0x84, 0x05, 0x85, 0x05, 0x81, 0x05, 0x16, 0x77, 0x6f, 0x6f,
  0x64, 0x65, 0x6e, 0x5f, 0x70, 0x72, 0x65, 0x73, 0x73, 0x75, 0x72, 0x65,
  0x5f, 0x70, 0x6c, 0x61, 0x74, 0x65, 0x73, 0x0c, 0x85, 0x02, 0x86, 0x02,
  0x87, 0x02, 0x88, 0x02, 0x89, 0x02, 0x8b, 0x02, 0x8c, 0x02, 0xf7, 0x06,
  0xf8, 0x06, 0x8d, 0x02, 0x8e, 0x02, 0x8a, 0x02, 0x0e, 0x77, 0x6f, 0x6f,
  0x64, 0x65, 0x6e, 0x5f, 0x73, 0x68, 0x65, 0x6c, 0x76, 0x65, 0x73, 0x0c,
  0xb4, 0x01, 0xb5, 0x01, 0xb6, 0x01, 0xb7, 0x01, 0xb8, 0x01, 0xb9, 0x01,
  0xba, 0x01, 0xbb, 0x01, 0xbc, 0x01, 0xbd, 0x01, 0xbe, 0x01, 0xbf, 0x01,
  0x0c, 0x77, 0x6f, 0x6f, 0x64, 0x65, 0x6e, 0x5f, 0x73, 0x6c, 0x61, 0x62,
  0x73, 0x0c, 0xd7, 0x04, 0xd8, 0x04, 0xd9, 0x04, 0xda, 0x04, 0xdb, 0x04,
  0xdd, 0x04, 0xde, 0x04, 0xf5, 0x06, 0xf6, 0x06, 0xdf, 0x04, 0xe0, 0x04,
  0xdc, 0x04, 0x0d, 0x77, 0x6f, 0x6f, 0x64, 0x65, 0x6e, 0x5f, 0x73, 0x74,
  0x61, 0x69, 0x72, 0x73, 0x0c, 0xc8, 0x01, 0x94, 0x03, 0x95, 0x03, 0x96,
  0x03, 0x84, 0x04, 0x86, 0x04, 0x87, 0x04, 0xff, 0x06, 0x80, 0x07, 0x88,
  0x04, 0x89, 0x04, 0x85, 0x04, 0x10, 0x77, 0x6f, 0x6f, 0x64, 0x65, 0x6e,
  0x5f, 0x74, 0x72, 0x61, 0x70, 0x64, 0x6f, 0x6f, 0x72, 0x73, 0x0c, 0xc0,
  0x02, 0xbe, 0x02, 0xc2, 0x02, 0xc3, 0x02, 0xbf, 0x02, 0xbc, 0x02, 0xbd,
  0x02, 0xfb, 0x06, 0xfc, 0x06, 0xc4, 0x02, 0xc5, 0x02, 0xc1, 0x02, 0x04,
  0x77, 0x6f, 0x6f, 0x6c, 0x10, 0x8c, 0x01, 0x8d, 0x01, 0x8e, 0x01, 0x8f,
  0x01, 0x90, 0x01, 0x91, 0x01, 0x92, 0x01, 0x93, 0x01, 0x94, 0x01, 0x95,
  0x01, 0x96, 0x01, 0x97, 0x01, 0x98, 0x01, 0x99, 0x01, 0x9a, 0x01, 0x9b,
  0x01, 0x0c, 0x77, 0x6f, 0x6f, 0x6c, 0x5f, 0x63, 0x61, 0x72, 0x70, 0x65,
  0x74, 0x73, 0x10, 0x9a, 0x04, 0x9b, 0x04, 0x9c, 0x04, 0x9d, 0x04, 0x9e,
  0x04, 0x9f, 0x04, 0xa0, 0x04, 0xa1, 0x04, 0xa2, 0x04, 0xa3, 0x04, 0xa4,
  0x04, 0xa5, 0x04, 0xa6, 0x04, 0xa7, 0x04, 0xa8, 0x04, 0xa9, 0x04, 0x0b,
  0x64, 0x61, 0x6d, 0x61, 0x67, 0x65, 0x5f, 0x74, 0x79, 0x70, 0x65, 0x21,
  0x1a, 0x61, 0x6c, 0x77, 0x61, 0x79, 0x73, 0x5f, 0x68, 0x75, 0x72, 0x74,
  0x73, 0x5f, 0x65, 0x6e, 0x64, 0x65, 0x72, 0x5f, 0x64, 0x72, 0x61, 0x67,
  0x6f, 0x6e, 0x73, 0x04, 0x0f, 0x09, 0x23, 0x01, 0x19, 0x61, 0x6c, 0x77,
  0x61, 0x79, 0x73, 0x5f, 0x6b, 0x69, 0x6c, 0x6c, 0x73, 0x5f, 0x61, 0x72,
  0x6d, 0x6f, 0x72, 0x5f, 0x73, 0x74, 0x61, 0x6e, 0x64, 0x73, 0x05, 0x00,
  0x2d, 0x0e, 0x31, 0x2f, 0x1c, 0x61, 0x6c, 0x77, 0x61, 0x79, 0x73, 0x5f,
  0x6d, 0x6f, 0x73, 0x74, 0x5f, 0x73, 0x69, 0x67, 0x6e, 0x69, 0x66, 0x69,
  0x63, 0x61, 0x6e, 0x74, 0x5f, 0x66, 0x61, 0x6c, 0x6c, 0x01, 0x20, 0x1a,
  0x61, 0x6c, 0x77, 0x61, 0x79, 0x73, 0x5f, 0x74, 0x72, 0x69, 0x67, 0x67,
  0x65, 0x72, 0x73, 0x5f, 0x73, 0x69, 0x6c, 0x76, 0x65, 0x72, 0x66, 0x69,
  0x73, 0x68, 0x01, 0x1b, 0x16, 0x61, 0x76, 0x6f, 0x69, 0x64, 0x73, 0x5f,
  0x67, 0x75, 0x61, 0x72, 0x64, 0x69, 0x61, 0x6e, 0x5f, 0x74, 0x68, 0x6f,
  0x72, 0x6e, 0x73, 0x06, 0x1b, 0x2b, 0x0f, 0x09, 0x23, 0x01, 0x12, 0x62,
  0x75, 0x72, 0x6e, 0x5f, 0x66, 0x72, 0x6f, 0x6d, 0x5f, 0x73, 0x74, 0x65,
  0x70, 0x70, 0x69, 0x6e, 0x67, 0x02, 0x03, 0x14, 0x12, 0x62, 0x75, 0x72,
  0x6e, 0x73, 0x5f, 0x61, 0x72, 0x6d, 0x6f, 0x72, 0x5f, 0x73, 0x74, 0x61,
  0x6e, 0x64, 0x73, 0x01, 0x1f, 0x0e, 0x62, 0x79, 0x70, 0x61, 0x73, 0x73,
  0x65, 0x73, 0x5f, 0x61, 0x72, 0x6d, 0x6f, 0x72, 0x13, 0x1f, 0x16, 0x04,
  0x06, 0x10, 0x12, 0x30, 0x05, 0x28, 0x0a, 0x08, 0x11, 0x27, 0x1b, 0x17,
  0x20, 0x13, 0x24, 0x21, 0x10, 0x62, 0x79, 0x70, 0x61, 0x73, 0x73, 0x65,
  0x73, 0x5f, 0x65, 0x66, 0x66, 0x65, 0x63, 0x74, 0x73, 0x01, 0x28, 0x15,
  0x62, 0x79, 0x70, 0x61, 0x73, 0x73, 0x65, 0x73, 0x5f, 0x65, 0x6e, 0x63,
  0x68, 0x61, 0x6e, 0x74, 0x6d, 0x65, 0x6e, 0x74, 0x73, 0x01, 0x24, 0x18,
  0x62, 0x79, 0x70, 0x61, 0x73, 0x73, 0x65, 0x73, 0x5f, 0x69, 0x6e, 0x76,
  0x75, 0x6c, 0x6e, 0x65, 0x72, 0x61, 0x62, 0x69, 0x6c, 0x69, 0x74, 0x79,
  0x02, 0x20, 0x13, 0x13, 0x62, 0x79, 0x70, 0x61, 0x73, 0x73, 0x65, 0x73,
  0x5f, 0x72, 0x65, 0x73, 0x69, 0x73, 0x74, 0x61, 0x6e, 0x63, 0x65, 0x02,
  0x20, 0x13, 0x0f, 0x62, 0x79, 0x70, 0x61, 0x73, 0x73, 0x65, 0x73, 0x5f,
  0x73, 0x68, 0x69, 0x65, 0x6c, 0x64, 0x1d, 0x1f, 0x16, 0x04, 0x06, 0x10,
  0x12, 0x30, 0x05, 0x28, 0x0a, 0x08, 0x11, 0x27, 0x1b, 0x17, 0x20, 0x13,
  0x24, 0x21, 0x02, 0x03, 0x07, 0x0b, 0x0d, 0x14, 0x15, 0x18, 0x19, 0x2a,
  0x13, 0x62, 0x79, 0x70, 0x61, 0x73, 0x73, 0x65, 0x73, 0x5f, 0x77, 0x6f,
  0x6c, 0x66, 0x5f, 0x61, 0x72, 0x6d, 0x6f, 0x72, 0x0d, 0x20, 0x13, 0x04,
  0x06, 0x07, 0x11, 0x16, 0x17, 0x1b, 0x21, 0x28, 0x2b, 0x30, 0x15, 0x63,
  0x61, 0x6e, 0x5f, 0x62, 0x72, 0x65, 0x61, 0x6b, 0x5f, 0x61, 0x72, 0x6d,
  0x6f, 0x72, 0x5f, 0x73, 0x74, 0x61, 0x6e, 0x64, 0x04, 0x23, 0x22, 0x25,
  0x1a, 0x0e, 0x64, 0x61, 0x6d, 0x61, 0x67, 0x65, 0x73, 0x5f, 0x68, 0x65,
  0x6c, 0x6d, 0x65, 0x74, 0x03, 0x0b, 0x0c, 0x0d, 0x14, 0x69, 0x67, 0x6e,
  0x69, 0x74, 0x65, 0x73, 0x5f, 0x61, 0x72, 0x6d, 0x6f, 0x72, 0x5f, 0x73,
  0x74, 0x61, 0x6e, 0x64, 0x73, 0x02, 0x15, 0x03, 0x0b, 0x69, 0x73, 0x5f,
  0x64, 0x72, 0x6f, 0x77, 0x6e, 0x69, 0x6e, 0x67, 0x01, 0x06, 0x0c, 0x69,
  0x73, 0x5f, 0x65, 0x78, 0x70, 0x6c, 0x6f, 0x73, 0x69, 0x6f, 0x6e, 0x04,
  0x0f, 0x09, 0x23, 0x01, 0x07, 0x69, 0x73, 0x5f, 0x66, 0x61, 0x6c, 0x6c,
  0x03, 0x0a, 0x08, 0x27, 0x07, 0x69, 0x73, 0x5f, 0x66, 0x69, 0x72, 0x65,
  0x07, 0x15, 0x03, 0x1f, 0x18, 0x14, 0x2e, 0x0e, 0x0b, 0x69, 0x73, 0x5f,
  0x66, 0x72, 0x65, 0x65, 0x7a, 0x69, 0x6e, 0x67, 0x01, 0x11, 0x0c, 0x69,
  0x73, 0x5f, 0x6c, 0x69, 0x67, 0x68, 0x74, 0x6e, 0x69, 0x6e, 0x67, 0x01,
  0x19, 0x10, 0x69, 0x73, 0x5f, 0x70, 0x6c, 0x61, 0x79, 0x65, 0x72, 0x5f,
  0x61, 0x74, 0x74, 0x61, 0x63, 0x6b, 0x03, 0x22, 0x25, 0x1a, 0x0d, 0x69,
  0x73, 0x5f, 0x70, 0x72, 0x6f, 0x6a, 0x65, 0x63, 0x74, 0x69, 0x6c, 0x65,
  0x08, 0x00, 0x2d, 0x1e, 0x2e, 0x0e, 0x31, 0x2c, 0x2f, 0x0a, 0x6d, 0x61,
  0x63, 0x65, 0x5f, 0x73, 0x6d, 0x61, 0x73, 0x68, 0x01, 0x1a, 0x08, 0x6e,
  0x6f, 0x5f, 0x61, 0x6e, 0x67, 0x65, 0x72, 0x01, 0x1d, 0x09, 0x6e, 0x6f,
  0x5f, 0x69, 0x6d, 0x70, 0x61, 0x63, 0x74, 0x01, 0x06, 0x0c, 0x6e, 0x6f,
  0x5f, 0x6b, 0x6e, 0x6f, 0x63, 0x6b, 0x62, 0x61, 0x63, 0x6b, 0x1d, 0x09,
  0x23, 0x01, 0x15, 0x19, 0x1f, 0x18, 0x14, 0x16, 0x04, 0x06, 0x28, 0x02,
  0x0a, 0x08, 0x10, 0x20, 0x12, 0x1b, 0x30, 0x05, 0x07, 0x2a, 0x11, 0x27,
  0x21, 0x13, 0x03, 0x25, 0x0c, 0x70, 0x61, 0x6e, 0x69, 0x63, 0x5f, 0x63,
  0x61, 0x75, 0x73, 0x65, 0x73, 0x1c, 0x02, 0x11, 0x14, 0x15, 0x18, 0x19,
  0x1f, 0x00, 0x05, 0x09, 0x0e, 0x0f, 0x17, 0x1b, 0x1c, 0x1e, 0x23, 0x24,
  0x29, 0x2c, 0x2d, 0x2e, 0x2f, 0x30, 0x31, 0x22, 0x25, 0x1a, 0x1a, 0x70,
  0x61, 0x6e, 0x69, 0x63, 0x5f, 0x65, 0x6e, 0x76, 0x69, 0x72, 0x6f, 0x6e,
  0x6d, 0x65, 0x6e, 0x74, 0x61, 0x6c, 0x5f, 0x63, 0x61, 0x75, 0x73, 0x65,
  0x73, 0x07, 0x02, 0x11, 0x14, 0x15, 0x18, 0x19, 0x1f, 0x12, 0x77, 0x69,
  0x74, 0x63, 0x68, 0x5f, 0x72, 0x65, 0x73, 0x69, 0x73, 0x74, 0x61, 0x6e,
  0x74, 0x5f, 0x74, 0x6f, 0x04, 0x1b, 0x17, 0x24, 0x2b, 0x10, 0x77, 0x69,
  0x74, 0x68, 0x65, 0x72, 0x5f, 0x69, 0x6d, 0x6d, 0x75, 0x6e, 0x65, 0x5f,
  0x74, 0x6f, 0x01, 0x06, 0x06, 0x64, 0x69, 0x61, 0x6c, 0x6f, 0x67, 0x02,
  0x16, 0x70, 0x61, 0x75, 0x73, 0x65, 0x5f, 0x73, 0x63, 0x72, 0x65, 0x65,
  0x6e, 0x5f, 0x61, 0x64, 0x64, 0x69, 0x74, 0x69, 0x6f, 0x6e, 0x73, 0x00,
  0x0d, 0x71, 0x75, 0x69, 0x63, 0x6b, 0x5f, 0x61, 0x63, 0x74, 0x69, 0x6f,
  0x6e, 0x73, 0x00, 0x0b, 0x65, 0x6e, 0x63, 0x68, 0x61, 0x6e, 0x74, 0x6d,
  0x65, 0x6e, 0x74, 0x16, 0x05, 0x63, 0x75, 0x72, 0x73, 0x65, 0x02, 0x02,
  0x29, 0x12, 0x64, 0x6f, 0x75, 0x62, 0x6c, 0x65, 0x5f, 0x74, 0x72, 0x61,
  0x64, 0x65, 0x5f, 0x70, 0x72, 0x69, 0x63, 0x65, 0x07, 0x02, 0x29, 0x26,
  0x24, 0x0e, 0x17, 0x2a, 0x13, 0x65, 0x78, 0x63, 0x6c, 0x75, 0x73, 0x69,
  0x76, 0x65, 0x5f, 0x73, 0x65, 0x74, 0x2f, 0x61, 0x72, 0x6d, 0x6f, 0x72,
  0x04, 0x1c, 0x03, 0x0b, 0x1b, 0x13, 0x65, 0x78, 0x63, 0x6c, 0x75, 0x73,
  0x69, 0x76, 0x65, 0x5f, 0x73, 0x65, 0x74, 0x2f, 0x62, 0x6f, 0x6f, 0x74,
  0x73, 0x02, 0x0e, 0x07, 0x11, 0x65, 0x78, 0x63, 0x6c, 0x75, 0x73, 0x69,
  0x76, 0x65, 0x5f, 0x73, 0x65, 0x74, 0x2f, 0x62, 0x6f, 0x77, 0x02, 0x10,
  0x17, 0x16, 0x65, 0x78, 0x63, 0x6c, 0x75, 0x73, 0x69, 0x76, 0x65, 0x5f,
  0x73, 0x65, 0x74, 0x2f, 0x63, 0x72, 0x6f, 0x73, 0x73, 0x62, 0x6f, 0x77,
  0x02, 0x18, 0x19, 0x14, 0x65, 0x78, 0x63, 0x6c, 0x75, 0x73, 0x69, 0x76,
  0x65, 0x5f, 0x73, 0x65, 0x74, 0x2f, 0x64, 0x61, 0x6d, 0x61, 0x67, 0x65,
  0x06, 0x21, 0x23, 0x01, 0x0f, 0x06, 0x04, 0x14, 0x65, 0x78, 0x63, 0x6c,
  0x75, 0x73, 0x69, 0x76, 0x65, 0x5f, 0x73, 0x65, 0x74, 0x2f, 0x6d, 0x69,
  0x6e, 0x69, 0x6e, 0x67, 0x02, 0x0d, 0x22, 0x15, 0x65, 0x78, 0x63, 0x6c,
  0x75, 0x73, 0x69, 0x76, 0x65, 0x5f, 0x73, 0x65, 0x74, 0x2f, 0x72, 0x69,
  0x70, 0x74, 0x69, 0x64, 0x65, 0x02, 0x13, 0x05, 0x13, 0x69, 0x6e, 0x5f,
  0x65, 0x6e, 0x63, 0x68, 0x61, 0x6e, 0x74, 0x69, 0x6e, 0x67, 0x5f, 0x74,
  0x61, 0x62, 0x6c, 0x65, 0x24, 0x1c, 0x0b, 0x09, 0x03, 0x1b, 0x1f, 0x00,
  0x27, 0x07, 0x21, 0x23, 0x01, 0x11, 0x0a, 0x12, 0x25, 0x08, 0x22, 0x28,
  0x0d, 0x1a, 0x1d, 0x0c, 0x10, 0x14, 0x16, 0x13, 0x0f, 0x20, 0x05, 0x18,
  0x1e, 0x19, 0x06, 0x04, 0x15, 0x0c, 0x6e, 0x6f, 0x6e, 0x5f, 0x74, 0x72,
  0x65, 0x61, 0x73, 0x75, 0x72, 0x65, 0x24, 0x1c, 0x0b, 0x09, 0x03, 0x1b,
  0x1f, 0x00, 0x27, 0x07, 0x21, 0x23, 0x01, 0x11, 0x0a, 0x12, 0x25, 0x08,
  0x22, 0x28, 0x0d, 0x1a, 0x1d, 0x0c, 0x10, 0x14, 0x16, 0x13, 0x0f, 0x20,
  0x05, 0x18, 0x1e, 0x19, 0x06, 0x04, 0x15, 0x16, 0x6f, 0x6e, 0x5f, 0x6d,
  0x6f, 0x62, 0x5f, 0x73, 0x70, 0x61, 0x77, 0x6e, 0x5f, 0x65, 0x71, 0x75,
  0x69, 0x70, 0x6d, 0x65, 0x6e, 0x74, 0x24, 0x1c, 0x0b, 0x09, 0x03, 0x1b,
  0x1f, 0x00, 0x27, 0x07, 0x21, 0x23, 0x01, 0x11, 0x0a, 0x12, 0x25, 0x08,
  0x22, 0x28, 0x0d, 0x1a, 0x1d, 0x0c, 0x10, 0x14, 0x16, 0x13, 0x0f, 0x20,
  0x05, 0x18, 0x1e, 0x19, 0x06, 0x04, 0x15, 0x0e, 0x6f, 0x6e, 0x5f, 0x72,
  0x61, 0x6e, 0x64, 0x6f, 0x6d, 0x5f, 0x6c, 0x6f, 0x6f, 0x74, 0x28, 0x1c,
  0x0b, 0x09, 0x03, 0x1b, 0x1f, 0x00, 0x27, 0x07, 0x21, 0x23, 0x01, 0x11,
  0x0a, 0x12, 0x25, 0x08, 0x22, 0x28, 0x0d, 0x1a, 0x1d, 0x0c, 0x10, 0x14,
  0x16, 0x13, 0x0f, 0x20, 0x05, 0x18, 0x1e, 0x19, 0x06, 0x04, 0x15, 0x02,
  0x29, 0x0e, 0x17, 0x13, 0x6f, 0x6e, 0x5f, 0x74, 0x72, 0x61, 0x64, 0x65,
  0x64, 0x5f, 0x65, 0x71, 0x75, 0x69, 0x70, 0x6d, 0x65, 0x6e, 0x74, 0x24,
  0x1c, 0x0b, 0x09, 0x03, 0x1b, 0x1f, 0x00, 0x27, 0x07, 0x21, 0x23, 0x01,
  0x11, 0x0a, 0x12, 0x25, 0x08, 0x22, 0x28, 0x0d, 0x1a, 0x1d, 0x0c, 0x10,
  0x14, 0x16, 0x13, 0x0f, 0x20, 0x05, 0x18, 0x1e, 0x19, 0x06, 0x04, 0x15,
  0x1f, 0x70, 0x72, 0x65, 0x76, 0x65, 0x6e, 0x74, 0x73, 0x5f, 0x62, 0x65,
  0x65, 0x5f, 0x73, 0x70, 0x61, 0x77, 0x6e, 0x73, 0x5f, 0x77, 0x68, 0x65,
  0x6e, 0x5f, 0x6d, 0x69, 0x6e, 0x69, 0x6e, 0x67, 0x01, 0x22, 0x21, 0x70,
  0x72, 0x65, 0x76, 0x65, 0x6e, 0x74, 0x73, 0x5f, 0x64, 0x65, 0x63, 0x6f,
  0x72, 0x61, 0x74, 0x65, 0x64, 0x5f, 0x70, 0x6f, 0x74, 0x5f, 0x73, 0x68,
  0x61, 0x74, 0x74, 0x65, 0x72, 0x69, 0x6e, 0x67, 0x01, 0x22, 0x14, 0x70,
  0x72, 0x65, 0x76, 0x65, 0x6e, 0x74, 0x73, 0x5f, 0x69, 0x63, 0x65, 0x5f,
  0x6d, 0x65, 0x6c, 0x74, 0x69, 0x6e, 0x67, 0x01, 0x22, 0x18, 0x70, 0x72,
  0x65, 0x76, 0x65, 0x6e, 0x74, 0x73, 0x5f, 0x69, 0x6e, 0x66, 0x65, 0x73,
  0x74, 0x65, 0x64, 0x5f, 0x73, 0x70, 0x61, 0x77, 0x6e, 0x73, 0x01, 0x22,
  0x0b, 0x73, 0x6d, 0x65, 0x6c, 0x74, 0x73, 0x5f, 0x6c, 0x6f, 0x6f, 0x74,
  0x01, 0x0a, 0x0d, 0x74, 0x6f, 0x6f, 0x6c, 0x74, 0x69, 0x70, 0x5f, 0x6f,
  0x72, 0x64, 0x65, 0x72, 0x2b, 0x02, 0x29, 0x20, 0x05, 0x2a, 0x0e, 0x15,
  0x21, 0x23, 0x01, 0x0f, 0x1a, 0x06, 0x04, 0x19, 0x25, 0x18, 0x0a, 0x0c,
  0x11, 0x1d, 0x1c, 0x03, 0x0b, 0x1b, 0x09, 0x0d, 0x12, 0x22, 0x14, 0x08,
  0x1e, 0x16, 0x1f, 0x00, 0x24, 0x26, 0x07, 0x27, 0x13, 0x28, 0x10, 0x17,
  0x09, 0x74, 0x72, 0x61, 0x64, 0x65, 0x61, 0x62, 0x6c, 0x65, 0x28, 0x1c,
  0x0b, 0x09, 0x03, 0x1b, 0x1f, 0x00, 0x27, 0x07, 0x21, 0x23, 0x01, 0x11,
  0x0a, 0x12, 0x25, 0x08, 0x22, 0x28, 0x0d, 0x1a, 0x1d, 0x0c, 0x10, 0x14,
  0x16, 0x13, 0x0f, 0x20, 0x05, 0x18, 0x1e, 0x19, 0x06, 0x04, 0x15, 0x02,
  0x29, 0x0e, 0x17, 0x08, 0x74, 0x72, 0x65, 0x61, 0x73, 0x75, 0x72, 0x65,
  0x07, 0x02, 0x29, 0x26, 0x24, 0x0e, 0x17, 0x2a, 0x0b, 0x65, 0x6e, 0x74,
  0x69, 0x74, 0x79, 0x5f, 0x74, 0x79, 0x70, 0x65, 0x2f, 0x17, 0x61, 0x63,
  0x63, 0x65, 0x70, 0x74, 0x73, 0x5f, 0x69, 0x72, 0x6f, 0x6e, 0x5f, 0x67,
  0x6f, 0x6c, 0x65, 0x6d, 0x5f, 0x67, 0x69, 0x66, 0x74, 0x01, 0x1c, 0x07,
  0x61, 0x71, 0x75, 0x61, 0x74, 0x69, 0x63, 0x0e, 0x89, 0x01, 0x07, 0x3f,
  0x28, 0x1b, 0x6b, 0x6e, 0x88, 0x01, 0x23, 0x7f, 0x3d, 0x82, 0x01, 0x58,
  0x98, 0x01, 0x06, 0x61, 0x72, 0x72, 0x6f, 0x77, 0x73, 0x02, 0x06, 0x7b,
  0x09, 0x61, 0x72, 0x74, 0x68, 0x72, 0x6f, 0x70, 0x6f, 0x64, 0x05, 0x0b,
  0x2a, 0x72, 0x7c, 0x16, 0x17, 0x61, 0x78, 0x6f, 0x6c, 0x6f, 0x74, 0x6c,
  0x5f, 0x61, 0x6c, 0x77, 0x61, 0x79, 0x73, 0x5f, 0x68, 0x6f, 0x73, 0x74,
  0x69, 0x6c, 0x65, 0x73, 0x03, 0x26, 0x3f, 0x28, 0x14, 0x61, 0x78, 0x6f,
  0x6c, 0x6f, 0x74, 0x6c, 0x5f, 0x68, 0x75, 0x6e, 0x74, 0x5f, 0x74, 0x61,
  0x72, 0x67, 0x65, 0x74, 0x73, 0x07, 0x88, 0x01, 0x6b, 0x6e, 0x1b, 0x7f,
  0x3d, 0x82, 0x01, 0x12, 0x62, 0x65, 0x65, 0x68, 0x69, 0x76, 0x65, 0x5f,
  0x69, 0x6e, 0x68, 0x61, 0x62, 0x69, 0x74, 0x6f, 0x72, 0x73, 0x01, 0x0b,
  0x04, 0x62, 0x6f, 0x61, 0x74, 0x0a, 0x59, 0x7d, 0x0c, 0x4a, 0x00, 0x17,
  0x21, 0x5e, 0x51, 0x09, 0x10, 0x62, 0x75, 0x72, 0x6e, 0x5f, 0x69, 0x6e,
  0x5f, 0x64, 0x61, 0x79, 0x6c, 0x69, 0x67, 0x68, 0x74, 0x0a, 0x73, 0x80,
  0x01, 0x92, 0x01, 0x10, 0x96, 0x01, 0x97, 0x01, 0x99, 0x01, 0x26, 0x98,
  0x01, 0x63, 0x17, 0x63, 0x61, 0x6e, 0x5f, 0x62, 0x72, 0x65, 0x61, 0x74,
  0x68, 0x65, 0x5f, 0x75, 0x6e, 0x64, 0x65, 0x72, 0x5f, 0x77, 0x61, 0x74,
  0x65, 0x72, 0x20, 0x73, 0x80, 0x01, 0x92, 0x01, 0x74, 0x10, 0x61, 0x97,
  0x01, 0x14, 0x96, 0x01, 0x99, 0x01, 0x9a, 0x01, 0x95, 0x01, 0x26, 0x43,
  0x98, 0x01, 0x91, 0x01, 0x63, 0x07, 0x37, 0x3f, 0x28, 0x89, 0x01, 0x3d,
  0x1b, 0x6b, 0x6e, 0x7f, 0x88, 0x01, 0x82, 0x01, 0x05, 0x1c, 0x58, 0x11,
  0x63, 0x61, 0x6e, 0x5f, 0x65, 0x71, 0x75, 0x69, 0x70, 0x5f, 0x68, 0x61,
  0x72, 0x6e, 0x65, 0x73, 0x73, 0x01, 0x3a, 0x10, 0x63, 0x61, 0x6e, 0x5f,
  0x65, 0x71, 0x75, 0x69, 0x70, 0x5f, 0x73, 0x61, 0x64, 0x64, 0x6c, 0x65,
  0x0b, 0x42, 0x74, 0x97, 0x01, 0x24, 0x57, 0x64, 0x81, 0x01, 0x13, 0x14,
  0x58, 0x98, 0x01, 0x16, 0x63, 0x61, 0x6e, 0x5f, 0x66, 0x6c, 0x6f, 0x61,
  0x74, 0x5f, 0x77, 0x68, 0x69, 0x6c, 0x65, 0x5f, 0x72, 0x69, 0x64, 0x64,
  0x65, 0x6e, 0x06, 0x42, 0x97, 0x01, 0x57, 0x24, 0x13, 0x14, 0x11, 0x63,
  0x61, 0x6e, 0x5f, 0x74, 0x75, 0x72, 0x6e, 0x5f, 0x69, 0x6e, 0x5f, 0x62,
  0x6f, 0x61, 0x74, 0x73, 0x01, 0x11, 0x14, 0x63, 0x61, 0x6e, 0x5f, 0x77,
  0x65, 0x61, 0x72, 0x5f, 0x68, 0x6f, 0x72, 0x73, 0x65, 0x5f, 0x61, 0x72,
  0x6d, 0x6f, 0x72, 0x02, 0x42, 0x97, 0x01, 0x17, 0x63, 0x61, 0x6e, 0x5f,
  0x77, 0x65, 0x61, 0x72, 0x5f, 0x6e, 0x61, 0x75, 0x74, 0x69, 0x6c, 0x75,
  0x73, 0x5f, 0x61, 0x72, 0x6d, 0x6f, 0x72, 0x02, 0x58, 0x98, 0x01, 0x1d,
  0x63, 0x61, 0x6e, 0x64, 0x69, 0x64, 0x61, 0x74, 0x65, 0x5f, 0x66, 0x6f,
  0x72, 0x5f, 0x69, 0x72, 0x6f, 0x6e, 0x5f, 0x67, 0x6f, 0x6c, 0x65, 0x6d,
  0x5f, 0x67, 0x69, 0x66, 0x74, 0x02, 0x8b, 0x01, 0x1c, 0x14, 0x63, 0x61,
  0x6e, 0x6e, 0x6f, 0x74, 0x5f, 0x62, 0x65, 0x5f, 0x61, 0x67, 0x65, 0x5f,
  0x6c, 0x6f, 0x63, 0x6b, 0x65, 0x64, 0x03, 0x97, 0x01, 0x74, 0x8b, 0x01,
  0x1b, 0x63, 0x61, 0x6e, 0x6e, 0x6f, 0x74, 0x5f, 0x62, 0x65, 0x5f, 0x70,
  0x75, 0x73, 0x68, 0x65, 0x64, 0x5f, 0x6f, 0x6e, 0x74, 0x6f, 0x5f, 0x62,
  0x6f, 0x61, 0x74, 0x73, 0x0d, 0x9b, 0x01, 0x28, 0x1b, 0x6b, 0x6e, 0x88,
  0x01, 0x23, 0x7f, 0x3d, 0x82, 0x01, 0x1f, 0x58, 0x98, 0x01, 0x14, 0x64,
  0x65, 0x66, 0x6c, 0x65, 0x63, 0x74, 0x73, 0x5f, 0x70, 0x72, 0x6f, 0x6a,
  0x65, 0x63, 0x74, 0x69, 0x6c, 0x65, 0x73, 0x01, 0x11, 0x14, 0x64, 0x69,
  0x73, 0x6d, 0x6f, 0x75, 0x6e, 0x74, 0x73, 0x5f, 0x75, 0x6e, 0x64, 0x65,
  0x72, 0x77, 0x61, 0x74, 0x65, 0x72, 0x0d, 0x13, 0x1a, 0x24, 0x3a, 0x42,
  0x4e, 0x57, 0x64, 0x6d, 0x7c, 0x81, 0x01, 0x86, 0x01, 0x97, 0x01, 0x12,
  0x66, 0x61, 0x6c, 0x6c, 0x5f, 0x64, 0x61, 0x6d, 0x61, 0x67, 0x65, 0x5f,
  0x69, 0x6d, 0x6d, 0x75, 0x6e, 0x65, 0x12, 0x1c, 0x46, 0x79, 0x70, 0x02,
  0x0a, 0x0b, 0x0e, 0x15, 0x1a, 0x39, 0x3a, 0x63, 0x50, 0x5b, 0x62, 0x91,
  0x01, 0x11, 0x18, 0x66, 0x6f, 0x6c, 0x6c, 0x6f, 0x77, 0x61, 0x62, 0x6c,
  0x65, 0x5f, 0x66, 0x72, 0x69, 0x65, 0x6e, 0x64, 0x6c, 0x79, 0x5f, 0x6d,
  0x6f, 0x62, 0x73, 0x19, 0x04, 0x0b, 0x13, 0x15, 0x1a, 0x1e, 0x24, 0x36,
  0x3e, 0x3a, 0x42, 0x74, 0x4e, 0x57, 0x5b, 0x60, 0x62, 0x64, 0x68, 0x6c,
  0x6f, 0x77, 0x81, 0x01, 0x8b, 0x01, 0x94, 0x01, 0x18, 0x66, 0x72, 0x65,
  0x65, 0x7a, 0x65, 0x5f, 0x68, 0x75, 0x72, 0x74, 0x73, 0x5f, 0x65, 0x78,
  0x74, 0x72, 0x61, 0x5f, 0x74, 0x79, 0x70, 0x65, 0x73, 0x03, 0x81, 0x01,
  0x0e, 0x50, 0x1a, 0x66, 0x72, 0x65, 0x65, 0x7a, 0x65, 0x5f, 0x69, 0x6d,
  0x6d, 0x75, 0x6e, 0x65, 0x5f, 0x65, 0x6e, 0x74, 0x69, 0x74, 0x79, 0x5f,
  0x74, 0x79, 0x70, 0x65, 0x73, 0x04, 0x80, 0x01, 0x68, 0x79, 0x91, 0x01,
  0x09, 0x66, 0x72, 0x6f, 0x67, 0x5f, 0x66, 0x6f, 0x6f, 0x64, 0x02, 0x75,
  0x50, 0x18, 0x69, 0x67, 0x6e, 0x6f, 0x72, 0x65, 0x73, 0x5f, 0x70, 0x6f,
  0x69, 0x73, 0x6f, 0x6e, 0x5f, 0x61, 0x6e, 0x64, 0x5f, 0x72, 0x65, 0x67,
  0x65, 0x6e, 0x11, 0x73, 0x80, 0x01, 0x92, 0x01, 0x74, 0x10, 0x61, 0x97,
  0x01, 0x14, 0x96, 0x01, 0x99, 0x01, 0x9a, 0x01, 0x95, 0x01, 0x26, 0x43,
  0x98, 0x01, 0x91, 0x01, 0x63, 0x07, 0x69, 0x6c, 0x6c, 0x61, 0x67, 0x65,
  0x72, 0x04, 0x2e, 0x44, 0x67, 0x8c, 0x01, 0x0f, 0x69, 0x6c, 0x6c, 0x61,
  0x67, 0x65, 0x72, 0x5f, 0x66, 0x72, 0x69, 0x65, 0x6e, 0x64, 0x73, 0x04,
  0x2e, 0x44, 0x67, 0x8c, 0x01, 0x12, 0x69, 0x6d, 0x6d, 0x75, 0x6e, 0x65,
  0x5f, 0x74, 0x6f, 0x5f, 0x69, 0x6e, 0x66, 0x65, 0x73, 0x74, 0x65, 0x64,
  0x01, 0x72, 0x10, 0x69, 0x6d, 0x6d, 0x75, 0x6e, 0x65, 0x5f, 0x74, 0x6f,
  0x5f, 0x6f, 0x6f, 0x7a, 0x69, 0x6e, 0x67, 0x01, 0x75, 0x12, 0x69, 0x6d,
  0x70, 0x61, 0x63, 0x74, 0x5f, 0x70, 0x72, 0x6f, 0x6a, 0x65, 0x63, 0x74,
  0x69, 0x6c, 0x65, 0x73, 0x0c, 0x06, 0x7b, 0x35, 0x78, 0x34, 0x76, 0x27,
  0x87, 0x01, 0x25, 0x93, 0x01, 0x8f, 0x01, 0x12, 0x19, 0x69, 0x6e, 0x76,
  0x65, 0x72, 0x74, 0x65, 0x64, 0x5f, 0x68, 0x65, 0x61, 0x6c, 0x69, 0x6e,
  0x67, 0x5f, 0x61, 0x6e, 0x64, 0x5f, 0x68, 0x61, 0x72, 0x6d, 0x11, 0x73,
  0x80, 0x01, 0x92, 0x01, 0x74, 0x10, 0x61, 0x97, 0x01, 0x14, 0x96, 0x01,
  0x99, 0x01, 0x9a, 0x01, 0x95, 0x01, 0x26, 0x43, 0x98, 0x01, 0x91, 0x01,
  0x63, 0x11, 0x6e, 0x61, 0x75, 0x74, 0x69, 0x6c, 0x75, 0x73, 0x5f, 0x68,
  0x6f, 0x73, 0x74, 0x69, 0x6c, 0x65, 0x73, 0x01, 0x6b, 0x19, 0x6e, 0x6f,
  0x5f, 0x61, 0x6e, 0x67, 0x65, 0x72, 0x5f, 0x66, 0x72, 0x6f, 0x6d, 0x5f,
  0x77, 0x69, 0x6e, 0x64, 0x5f, 0x63, 0x68, 0x61, 0x72, 0x67, 0x65, 0x09,
  0x11, 0x73, 0x10, 0x80, 0x01, 0x96, 0x01, 0x43, 0x7c, 0x16, 0x75, 0x15,
  0x6e, 0x6f, 0x6e, 0x5f, 0x63, 0x6f, 0x6e, 0x74, 0x72, 0x6f, 0x6c, 0x6c,
  0x69, 0x6e, 0x67, 0x5f, 0x72, 0x69, 0x64, 0x65, 0x72, 0x02, 0x75, 0x50,
  0x18, 0x6e, 0x6f, 0x74, 0x5f, 0x73, 0x63, 0x61, 0x72, 0x79, 0x5f, 0x66,
  0x6f, 0x72, 0x5f, 0x70, 0x75, 0x66, 0x66, 0x65, 0x72, 0x66, 0x69, 0x73,
  0x68, 0x0d, 0x89, 0x01, 0x3f, 0x28, 0x1b, 0x6b, 0x6e, 0x88, 0x01, 0x23,
  0x7f, 0x3d, 0x82, 0x01, 0x58, 0x98, 0x01, 0x19, 0x70, 0x6f, 0x77, 0x64,
  0x65, 0x72, 0x5f, 0x73, 0x6e, 0x6f, 0x77, 0x5f, 0x77, 0x61, 0x6c, 0x6b,
  0x61, 0x62, 0x6c, 0x65, 0x5f, 0x6d, 0x6f, 0x62, 0x73, 0x04, 0x6c, 0x2a,
  0x72, 0x36, 0x07, 0x72, 0x61, 0x69, 0x64, 0x65, 0x72, 0x73, 0x06, 0x2e,
  0x67, 0x6d, 0x8c, 0x01, 0x44, 0x90, 0x01, 0x17, 0x72, 0x65, 0x64, 0x69,
  0x72, 0x65, 0x63, 0x74, 0x61, 0x62, 0x6c, 0x65, 0x5f, 0x70, 0x72, 0x6f,
  0x6a, 0x65, 0x63, 0x74, 0x69, 0x6c, 0x65, 0x03, 0x34, 0x8f, 0x01, 0x12,
  0x1f, 0x73, 0x65, 0x6e, 0x73, 0x69, 0x74, 0x69, 0x76, 0x65, 0x5f, 0x74,
  0x6f, 0x5f, 0x62, 0x61, 0x6e, 0x65, 0x5f, 0x6f, 0x66, 0x5f, 0x61, 0x72,
  0x74, 0x68, 0x72, 0x6f, 0x70, 0x6f, 0x64, 0x73, 0x05, 0x0b, 0x2a, 0x72,
  0x7c, 0x16, 0x15, 0x73, 0x65, 0x6e, 0x73, 0x69, 0x74, 0x69, 0x76, 0x65,
  0x5f, 0x74, 0x6f, 0x5f, 0x69, 0x6d, 0x70, 0x61, 0x6c, 0x69, 0x6e, 0x67,
  0x0e, 0x89, 0x01, 0x07, 0x3f, 0x28, 0x1b, 0x6b, 0x6e, 0x88, 0x01, 0x23,
  0x7f, 0x3d, 0x82, 0x01, 0x58, 0x98, 0x01, 0x12, 0x73, 0x65, 0x6e, 0x73,
  0x69, 0x74, 0x69, 0x76, 0x65, 0x5f, 0x74, 0x6f, 0x5f, 0x73, 0x6d, 0x69,
  0x74, 0x65, 0x11, 0x73, 0x80, 0x01, 0x92, 0x01, 0x74, 0x10, 0x61, 0x97,
  0x01, 0x14, 0x96, 0x01, 0x99, 0x01, 0x9a, 0x01, 0x95, 0x01, 0x26, 0x43,
  0x98, 0x01, 0x91, 0x01, 0x63, 0x09, 0x73, 0x6b, 0x65, 0x6c, 0x65, 0x74,
  0x6f, 0x6e, 0x73, 0x06, 0x73, 0x80, 0x01, 0x92, 0x01, 0x74, 0x10, 0x61,
  0x06, 0x75, 0x6e, 0x64, 0x65, 0x61, 0x64, 0x11, 0x73, 0x80, 0x01, 0x92,
  0x01, 0x74, 0x10, 0x61, 0x97, 0x01, 0x14, 0x96, 0x01, 0x99, 0x01, 0x9a,
  0x01, 0x95, 0x01, 0x26, 0x43, 0x98, 0x01, 0x91, 0x01, 0x63, 0x0e, 0x77,
  0x69, 0x74, 0x68, 0x65, 0x72, 0x5f, 0x66, 0x72, 0x69, 0x65, 0x6e, 0x64,
  0x73, 0x11, 0x73, 0x80, 0x01, 0x92, 0x01, 0x74, 0x10, 0x61, 0x97, 0x01,
  0x14, 0x96, 0x01, 0x99, 0x01, 0x9a, 0x01, 0x95, 0x01, 0x26, 0x43, 0x98,
  0x01, 0x91, 0x01, 0x63, 0x07, 0x7a, 0x6f, 0x6d, 0x62, 0x69, 0x65, 0x73,
  0x09, 0x97, 0x01, 0x14, 0x96, 0x01, 0x99, 0x01, 0x9a, 0x01, 0x95, 0x01,
  0x26, 0x43, 0x98, 0x01, 0x05, 0x66, 0x6c, 0x75, 0x69, 0x64, 0x06, 0x18,
  0x62, 0x75, 0x62, 0x62, 0x6c, 0x65, 0x5f, 0x63, 0x6f, 0x6c, 0x75, 0x6d,
  0x6e, 0x5f, 0x63, 0x61, 0x6e, 0x5f, 0x6f, 0x63, 0x63, 0x75, 0x70, 0x79,
  0x01, 0x02, 0x04, 0x6c, 0x61, 0x76, 0x61, 0x02, 0x04, 0x03, 0x12, 0x73,
  0x75, 0x70, 0x70, 0x6f, 0x72, 0x74, 0x73, 0x5f, 0x66, 0x72, 0x6f, 0x67,
  0x73, 0x70, 0x61, 0x77, 0x6e, 0x01, 0x02, 0x11, 0x73, 0x75, 0x70, 0x70,
  0x6f, 0x72, 0x74, 0x73, 0x5f, 0x6c, 0x69, 0x6c, 0x79, 0x5f, 0x70, 0x61,
  0x64, 0x01, 0x02, 0x1e, 0x73, 0x75, 0x70, 0x70, 0x6f, 0x72, 0x74, 0x73,
  0x5f, 0x73, 0x75, 0x67, 0x61, 0x72, 0x5f, 0x63, 0x61, 0x6e, 0x65, 0x5f,
  0x61, 0x64, 0x6a, 0x61, 0x63, 0x65, 0x6e, 0x74, 0x6c, 0x79, 0x02, 0x02,
  0x01, 0x05, 0x77, 0x61, 0x74, 0x65, 0x72, 0x02, 0x02, 0x01, 0x0a, 0x67,
  0x61, 0x6d, 0x65, 0x5f, 0x65, 0x76, 0x65, 0x6e, 0x74, 0x05, 0x10, 0x61,
  0x6c, 0x6c, 0x61, 0x79, 0x5f, 0x63, 0x61, 0x6e, 0x5f, 0x6c, 0x69, 0x73,
  0x74, 0x65, 0x6e, 0x01, 0x21, 0x1a, 0x69, 0x67, 0x6e, 0x6f, 0x72, 0x65,
  0x5f, 0x76, 0x69, 0x62, 0x72, 0x61, 0x74, 0x69, 0x6f, 0x6e, 0x73, 0x5f,
  0x73, 0x6e, 0x65, 0x61, 0x6b, 0x69, 0x6e, 0x67, 0x06, 0x1a, 0x24, 0x29,
  0x2a, 0x1d, 0x1c, 0x13, 0x73, 0x68, 0x72, 0x69, 0x65, 0x6b, 0x65, 0x72,
  0x5f, 0x63, 0x61, 0x6e, 0x5f, 0x6c, 0x69, 0x73, 0x74, 0x65, 0x6e, 0x01,
  0x25, 0x0a, 0x76, 0x69, 0x62, 0x72, 0x61, 0x74, 0x69, 0x6f, 0x6e, 0x73,
  0x37, 0x01, 0x02, 0x03, 0x05, 0x06, 0x07, 0x08, 0x00, 0x04, 0x09, 0x0a,
  0x0b, 0x0c, 0x0d, 0x0e, 0x0f, 0x10, 0x11, 0x12, 0x13, 0x14, 0x15, 0x16,
  0x18, 0x19, 0x1a, 0x1b, 0x1c, 0x20, 0x21, 0x22, 0x23, 0x24, 0x26, 0x28,
  0x29, 0x2a, 0x2b, 0x2c, 0x2d, 0x2e, 0x2f, 0x30, 0x31, 0x32, 0x33, 0x34,
  0x35, 0x36, 0x37, 0x38, 0x39, 0x3a, 0x3b, 0x17, 0x11, 0x77, 0x61, 0x72,
  0x64, 0x65, 0x6e, 0x5f, 0x63, 0x61, 0x6e, 0x5f, 0x6c, 0x69, 0x73, 0x74,
  0x65, 0x6e, 0x38, 0x01, 0x02, 0x03, 0x05, 0x06, 0x07, 0x08, 0x00, 0x04,
  0x09, 0x0a, 0x0b, 0x0c, 0x0d, 0x0e, 0x0f, 0x10, 0x11, 0x12, 0x13, 0x14,
  0x15, 0x16, 0x18, 0x19, 0x1a, 0x1b, 0x1c, 0x20, 0x21, 0x22, 0x23, 0x24,
  0x26, 0x28, 0x29, 0x2a, 0x2b, 0x2c, 0x2d, 0x2e, 0x2f, 0x30, 0x31, 0x32,
  0x33, 0x34, 0x35, 0x36, 0x37, 0x38, 0x39, 0x3a, 0x3b, 0x27, 0x25, 0x0a,
  0x69, 0x6e, 0x73, 0x74, 0x72, 0x75, 0x6d, 0x65, 0x6e, 0x74, 0x03, 0x0a,
  0x67, 0x6f, 0x61, 0x74, 0x5f, 0x68, 0x6f, 0x72, 0x6e, 0x73, 0x08, 0x04,
  0x06, 0x05, 0x03, 0x00, 0x01, 0x07, 0x02, 0x12, 0x72, 0x65, 0x67, 0x75,
  0x6c, 0x61, 0x72, 0x5f, 0x67, 0x6f, 0x61, 0x74, 0x5f, 0x68, 0x6f, 0x72,
  0x6e, 0x73, 0x04, 0x04, 0x06, 0x05, 0x03, 0x14, 0x73, 0x63, 0x72, 0x65,
  0x61, 0x6d, 0x69, 0x6e, 0x67, 0x5f, 0x67, 0x6f, 0x61, 0x74, 0x5f, 0x68,
  0x6f, 0x72, 0x6e, 0x73, 0x04, 0x00, 0x01, 0x07, 0x02, 0x04, 0x69, 0x74,
  0x65, 0x6d, 0xcf, 0x01, 0x0b, 0x61, 0x63, 0x61, 0x63, 0x69, 0x61, 0x5f,
  0x6c, 0x6f, 0x67, 0x73, 0x04, 0x8a, 0x01, 0xaf, 0x01, 0x98, 0x01, 0xa3,
  0x01, 0x05, 0x61, 0x6e, 0x76, 0x69, 0x6c, 0x03, 0xdf, 0x03, 0xe0, 0x03,
  0xe1, 0x03, 0x0e, 0x61, 0x72, 0x6d, 0x61, 0x64, 0x69, 0x6c, 0x6c, 0x6f,
  0x5f, 0x66, 0x6f, 0x6f, 0x64, 0x01, 0xe3, 0x08, 0x06, 0x61, 0x72, 0x72,
  0x6f, 0x77, 0x73, 0x03, 0x80, 0x07, 0x8e, 0x0a, 0x8d, 0x0a, 0x04, 0x61,
  0x78, 0x65, 0x73, 0x07, 0xac, 0x07, 0x9d, 0x07, 0xa2, 0x07, 0xb1, 0x07,
  0x93, 0x07, 0xa7, 0x07, 0x98, 0x07, 0x0c, 0x61, 0x78, 0x6f, 0x6c, 0x6f,
  0x74, 0x6c, 0x5f, 0x66, 0x6f, 0x6f, 0x64, 0x01, 0xff, 0x07, 0x0d, 0x62,
  0x61, 0x6d, 0x62, 0x6f, 0x6f, 0x5f, 0x62, 0x6c, 0x6f, 0x63, 0x6b, 0x73,
  0x02, 0x93, 0x01, 0xaa, 0x01, 0x07, 0x62, 0x61, 0x6e, 0x6e, 0x65, 0x72,
  0x73, 0x10, 0xf3, 0x09, 0xf4, 0x09, 0xf5, 0x09, 0xf6, 0x09, 0xf7, 0x09,
  0xf8, 0x09, 0xf9, 0x09, 0xfa, 0x09, 0xfb, 0x09, 0xfc, 0x09, 0xfd, 0x09,
  0xfe, 0x09, 0xff, 0x09, 0x80, 0x0a, 0x81, 0x0a, 0x82, 0x0a, 0x04, 0x62,
  0x61, 0x72, 0x73, 0x09, 0x87, 0x03, 0x88, 0x03, 0x8c, 0x03, 0x89, 0x03,
  0x8d, 0x03, 0x8a, 0x03, 0x8e, 0x03, 0x8b, 0x03, 0x8f, 0x03, 0x14, 0x62,
  0x65, 0x61, 0x63, 0x6f, 0x6e, 0x5f, 0x70, 0x61, 0x79, 0x6d, 0x65, 0x6e,
  0x74, 0x5f, 0x69, 0x74, 0x65, 0x6d, 0x73, 0x05, 0x8e, 0x07, 0x84, 0x07,
  0x83, 0x07, 0x8d, 0x07, 0x89, 0x07, 0x04, 0x62, 0x65, 0x64, 0x73, 0x10,
  0xcd, 0x08, 0xce, 0x08, 0xca, 0x08, 0xcb, 0x08, 0xc8, 0x08, 0xc6, 0x08,
  0xcc, 0x08, 0xc2, 0x08, 0xc7, 0x08, 0xc4, 0x08, 0xc1, 0x08, 0xc0, 0x08,
  0xc5, 0x08, 0xc9, 0x08, 0xbf, 0x08, 0xc3, 0x08, 0x08, 0x62, 0x65, 0x65,
  0x5f, 0x66, 0x6f, 0x6f, 0x64, 0x1d, 0xe5, 0x01, 0xe7, 0x01, 0xe9, 0x01,
  0xea, 0x01, 0xeb, 0x01, 0xec, 0x01, 0xed, 0x01, 0xee, 0x01, 0xef, 0x01,
  0xf0, 0x01, 0xf1, 0x01, 0xf2, 0x01, 0xf3, 0x01, 0xf4, 0x01, 0xf5, 0x01,
  0x8d, 0x04, 0x8e, 0x04, 0x90, 0x04, 0x8f, 0x04, 0xf6, 0x01, 0xc0, 0x01,
  0xce, 0x01, 0x39, 0xbb, 0x01, 0x83, 0x02, 0x84, 0x02, 0xc6, 0x02, 0xf7,
  0x01, 0xd6, 0x02, 0x0a, 0x62, 0x69, 0x72, 0x63, 0x68, 0x5f, 0x6c, 0x6f,
  0x67, 0x73, 0x04, 0x88, 0x01, 0xad, 0x01, 0x96, 0x01, 0xa1, 0x01, 0x05,
  0x62, 0x6f, 0x61, 0x74, 0x73, 0x14, 0xe0, 0x06, 0xe2, 0x06, 0xe4, 0x06,
  0xe6, 0x06, 0xe8, 0x06, 0xec, 0x06, 0xee, 0x06, 0xf0, 0x06, 0xf2, 0x06,
  0xea, 0x06, 0xe1, 0x06, 0xe3, 0x06, 0xe5, 0x06, 0xe7, 0x06, 0xe9, 0x06,
  0xed, 0x06, 0xef, 0x06, 0xf1, 0x06, 0xf3, 0x06, 0xeb, 0x06, 0x13, 0x62,
  0x6f, 0x6f, 0x6b, 0x5f, 0x63, 0x6c, 0x6f, 0x6e, 0x69, 0x6e, 0x67, 0x5f,
  0x74, 0x61, 0x72, 0x67, 0x65, 0x74, 0x01, 0xc5, 0x09, 0x0f, 0x62, 0x6f,
  0x6f, 0x6b, 0x73, 0x68, 0x65, 0x6c, 0x66, 0x5f, 0x62, 0x6f, 0x6f, 0x6b,
  0x73, 0x05, 0x86, 0x08, 0xc6, 0x09, 0xdd, 0x09, 0xc5, 0x09, 0x9c, 0x0a,
  0x15, 0x62, 0x72, 0x65, 0x61, 0x6b, 0x73, 0x5f, 0x64, 0x65, 0x63, 0x6f,
  0x72, 0x61, 0x74, 0x65, 0x64, 0x5f, 0x70, 0x6f, 0x74, 0x73, 0x25, 0xa9,
  0x07, 0x9a, 0x07, 0x9f, 0x07, 0xae, 0x07, 0x90, 0x07, 0xa4, 0x07, 0x95,
  0x07, 0xac, 0x07, 0x9d, 0x07, 0xa2, 0x07, 0xb1, 0x07, 0x93, 0x07, 0xa7,
  0x07, 0x98, 0x07, 0xab, 0x07, 0x9c, 0x07, 0xa1, 0x07, 0xb0, 0x07, 0x92,
  0x07, 0xa6, 0x07, 0x97, 0x07, 0xaa, 0x07, 0x9b, 0x07, 0xa0, 0x07, 0xaf,
  0x07, 0x91, 0x07, 0xa5, 0x07, 0x96, 0x07, 0xad, 0x07, 0x9e, 0x07, 0xa3,
  0x07, 0xb2, 0x07, 0x94, 0x07, 0xa8, 0x07, 0x99, 0x07, 0xb4, 0x0a, 0xc8,
  0x09, 0x0c, 0x62, 0x72, 0x65, 0x77, 0x69, 0x6e, 0x67, 0x5f, 0x66, 0x75,
  0x65, 0x6c, 0x01, 0xe5, 0x08, 0x07, 0x62, 0x75, 0x6e, 0x64, 0x6c, 0x65,
  0x73, 0x11, 0x8d, 0x08, 0x9d, 0x08, 0x99, 0x08, 0x9a, 0x08, 0x97, 0x08,
  0x95, 0x08, 0x9b, 0x08, 0x91, 0x08, 0x96, 0x08, 0x93, 0x08, 0x90, 0x08,
  0x8f, 0x08, 0x94, 0x08, 0x98, 0x08, 0x9c, 0x08, 0x92, 0x08, 0x8e, 0x08,
  0x07, 0x62, 0x75, 0x74, 0x74, 0x6f, 0x6e, 0x73, 0x0e, 0xf0, 0x05, 0xf1,
  0x05, 0xf2, 0x05, 0xf3, 0x05, 0xf4, 0x05, 0xf6, 0x05, 0xf7, 0x05, 0xfa,
  0x05, 0xfb, 0x05, 0xf8, 0x05, 0xf9, 0x05, 0xf5, 0x05, 0xee, 0x05, 0xef,
  0x05, 0x0a, 0x63, 0x61, 0x6d, 0x65, 0x6c, 0x5f, 0x66, 0x6f, 0x6f, 0x64,
  0x01, 0xd5, 0x02, 0x0f, 0x63, 0x61, 0x6d, 0x65, 0x6c, 0x5f, 0x68, 0x75,
  0x73, 0x6b, 0x5f, 0x66, 0x6f, 0x6f, 0x64, 0x01, 0xe5, 0x09, 0x07, 0x63,
  0x61, 0x6e, 0x64, 0x6c, 0x65, 0x73, 0x11, 0xf7, 0x0a, 0xf8, 0x0a, 0xf9,
  0x0a, 0xfa, 0x0a, 0xfb, 0x0a, 0xfc, 0x0a, 0xfd, 0x0a, 0xfe, 0x0a, 0xff,
  0x0a, 0x80, 0x0b, 0x81, 0x0b, 0x82, 0x0b, 0x83, 0x0b, 0x84, 0x0b, 0x85,
  0x0b, 0x86, 0x0b, 0x87, 0x0b, 0x0f, 0x63, 0x61, 0x74, 0x5f, 0x63, 0x6f,
  0x6c, 0x6c, 0x61, 0x72, 0x5f, 0x64, 0x79, 0x65, 0x73, 0x10, 0xab, 0x08,
  0xac, 0x08, 0xad, 0x08, 0xae, 0x08, 0xaf, 0x08, 0xb0, 0x08, 0xb1, 0x08,
  0xb2, 0x08, 0xb3, 0x08, 0xb4, 0x08, 0xb5, 0x08, 0xb6, 0x08, 0xb7, 0x08,
  0xb8, 0x08, 0xb9, 0x08, 0xba, 0x08, 0x08, 0x63, 0x61, 0x74, 0x5f, 0x66,
  0x6f, 0x6f, 0x64, 0x02, 0xa2, 0x08, 0xa3, 0x08, 0x17, 0x63, 0x61, 0x75,
  0x6c, 0x64, 0x72, 0x6f, 0x6e, 0x5f, 0x63, 0x61, 0x6e, 0x5f, 0x72, 0x65,
  0x6d, 0x6f, 0x76, 0x65, 0x5f, 0x64, 0x79, 0x65, 0x06, 0xbb, 0x07, 0xbc,
  0x07, 0xbd, 0x07, 0xbe, 0x07, 0xed, 0x09, 0xfb, 0x06, 0x06, 0x63, 0x68,
  0x61, 0x69, 0x6e, 0x73, 0x09, 0x90, 0x03, 0x91, 0x03, 0x95, 0x03, 0x92,
  0x03, 0x96, 0x03, 0x93, 0x03, 0x97, 0x03, 0x94, 0x03, 0x98, 0x03, 0x0b,
  0x63, 0x68, 0x65, 0x72, 0x72, 0x79, 0x5f, 0x6c, 0x6f, 0x67, 0x73, 0x04,
  0x8b, 0x01, 0xb0, 0x01, 0x99, 0x01, 0xa4, 0x01, 0x0b, 0x63, 0x68, 0x65,
  0x73, 0x74, 0x5f, 0x61, 0x72, 0x6d, 0x6f, 0x72, 0x07, 0xbc, 0x07, 0xc0,
  0x07, 0xc4, 0x07, 0xd0, 0x07, 0xc8, 0x07, 0xcc, 0x07, 0xd4, 0x07, 0x0b,
  0x63, 0x68, 0x65, 0x73, 0x74, 0x5f, 0x62, 0x6f, 0x61, 0x74, 0x73, 0x0a,
  0xe1, 0x06, 0xe3, 0x06, 0xe5, 0x06, 0xe7, 0x06, 0xe9, 0x06, 0xed, 0x06,
  0xef, 0x06, 0xf1, 0x06, 0xf3, 0x06, 0xeb, 0x06, 0x0c, 0x63, 0x68, 0x69,
  0x63, 0x6b, 0x65, 0x6e, 0x5f, 0x66, 0x6f, 0x6f, 0x64, 0x06, 0xb8, 0x07,
  0xd6, 0x08, 0xd5, 0x08, 0x89, 0x0a, 0x86, 0x0a, 0x87, 0x0a, 0x18, 0x63,
  0x6c, 0x75, 0x73, 0x74, 0x65, 0x72, 0x5f, 0x6d, 0x61, 0x78, 0x5f, 0x68,
  0x61, 0x72, 0x76, 0x65, 0x73, 0x74, 0x61, 0x62, 0x6c, 0x65, 0x73, 0x07,
  0xab, 0x07, 0xa1, 0x07, 0xa6, 0x07, 0xb0, 0x07, 0x9c, 0x07, 0x92, 0x07,
  0x97, 0x07, 0x09, 0x63, 0x6f, 0x61, 0x6c, 0x5f, 0x6f, 0x72, 0x65, 0x73,
  0x02, 0x40, 0x41, 0x05, 0x63, 0x6f, 0x61, 0x6c, 0x73, 0x02, 0x81, 0x07,
  0x82, 0x07, 0x09, 0x63, 0x6f, 0x6d, 0x70, 0x61, 0x73, 0x73, 0x65, 0x73,
  0x02, 0x8b, 0x08, 0x8c, 0x08, 0x1c, 0x63, 0x6f, 0x6d, 0x70, 0x6c, 0x65,
  0x74, 0x65, 0x73, 0x5f, 0x66, 0x69, 0x6e, 0x64, 0x5f, 0x74, 0x72, 0x65,
  0x65, 0x5f, 0x74, 0x75, 0x74, 0x6f, 0x72, 0x69, 0x61, 0x6c, 0x39, 0x8d,
  0x01, 0xb2, 0x01, 0x9a, 0x01, 0xa5, 0x01, 0x8c, 0x01, 0xb1, 0x01, 0x9b,
  0x01, 0xa6, 0x01, 0x86, 0x01, 0xab, 0x01, 0x94, 0x01, 0x9f, 0x01, 0x8a,
  0x01, 0xaf, 0x01, 0x98, 0x01, 0xa3, 0x01, 0x88, 0x01, 0xad, 0x01, 0x96,
  0x01, 0xa1, 0x01, 0x89, 0x01, 0xae, 0x01, 0x97, 0x01, 0xa2, 0x01, 0x87,
  0x01, 0xac, 0x01, 0x95, 0x01, 0xa0, 0x01, 0x8e, 0x01, 0xb3, 0x01, 0x9c,
  0x01, 0xa7, 0x01, 0x8b, 0x01, 0xb0, 0x01, 0x99, 0x01, 0xa4, 0x01, 0x91,
  0x01, 0x9d, 0x01, 0xb4, 0x01, 0xa8, 0x01, 0x92, 0x01, 0x9e, 0x01, 0xb5,
  0x01, 0xa9, 0x01, 0xb9, 0x01, 0xb6, 0x01, 0xb7, 0x01, 0xbd, 0x01, 0xbc,
  0x01, 0xba, 0x01, 0xb8, 0x01, 0xbf, 0x01, 0xc0, 0x01, 0xbe, 0x01, 0xbb,
  0x01, 0xc1, 0x04, 0xc2, 0x04, 0x06, 0x63, 0x6f, 0x70, 0x70, 0x65, 0x72,
  0x08, 0x5b, 0x5f, 0x60, 0x61, 0x72, 0x73, 0x74, 0x75, 0x0d, 0x63, 0x6f,
  0x70, 0x70, 0x65, 0x72, 0x5f, 0x63, 0x68, 0x65, 0x73, 0x74, 0x73, 0x08,
  0xcd, 0x0b, 0xce, 0x0b, 0xcf, 0x0b, 0xd0, 0x0b, 0xd1, 0x0b, 0xd2, 0x0b,
  0xd3, 0x0b, 0xd4, 0x0b, 0x14, 0x63, 0x6f, 0x70, 0x70, 0x65, 0x72, 0x5f,
  0x67, 0x6f, 0x6c, 0x65, 0x6d, 0x5f, 0x73, 0x74, 0x61, 0x74, 0x75, 0x65,
  0x73, 0x08, 0xd5, 0x0b, 0xd6, 0x0b, 0xd7, 0x0b, 0xd8, 0x0b, 0xd9, 0x0b,
  0xda, 0x0b, 0xdb, 0x0b, 0xdc, 0x0b, 0x0b, 0x63, 0x6f, 0x70, 0x70, 0x65,
  0x72, 0x5f, 0x6f, 0x72, 0x65, 0x73, 0x02, 0x44, 0x45, 0x15, 0x63, 0x6f,
  0x70, 0x70, 0x65, 0x72, 0x5f, 0x74, 0x6f, 0x6f, 0x6c, 0x5f, 0x6d, 0x61,
  0x74, 0x65, 0x72, 0x69, 0x61, 0x6c, 0x73, 0x01, 0x8b, 0x07, 0x08, 0x63,
  0x6f, 0x77, 0x5f, 0x66, 0x6f, 0x6f, 0x64, 0x01, 0xb9, 0x07, 0x18, 0x63,
  0x72, 0x65, 0x65, 0x70, 0x65, 0x72, 0x5f, 0x64, 0x72, 0x6f, 0x70, 0x5f,
  0x6d, 0x75, 0x73, 0x69, 0x63, 0x5f, 0x64, 0x69, 0x73, 0x63, 0x73, 0x0c,
  0x9e, 0x0a, 0x9f, 0x0a, 0xa0, 0x0a, 0xa1, 0x0a, 0xa4, 0x0a, 0xa6, 0x0a,
  0xa7, 0x0a, 0xa8, 0x0a, 0xa9, 0x0a, 0xaa, 0x0a, 0xab, 0x0a, 0xac, 0x0a,
  0x10, 0x63, 0x72, 0x65, 0x65, 0x70, 0x65, 0x72, 0x5f, 0x69, 0x67, 0x6e,
  0x69, 0x74, 0x65, 0x72, 0x73, 0x02, 0xfc, 0x06, 0xc3, 0x09, 0x0d, 0x63,
  0x72, 0x69, 0x6d, 0x73, 0x6f, 0x6e, 0x5f, 0x73, 0x74, 0x65, 0x6d, 0x73,
  0x04, 0x91, 0x01, 0x9d, 0x01, 0xb4, 0x01, 0xa8, 0x01, 0x12, 0x64, 0x61,
  0x6d, 0x70, 0x65, 0x6e, 0x73, 0x5f, 0x76, 0x69, 0x62, 0x72, 0x61, 0x74,
  0x69, 0x6f, 0x6e, 0x73, 0x20, 0xd5, 0x01, 0xd6, 0x01, 0xd7, 0x01, 0xd8,
  0x01, 0xd9, 0x01, 0xda, 0x01, 0xdb, 0x01, 0xdc, 0x01, 0xdd, 0x01, 0xde,
  0x01, 0xdf, 0x01, 0xe0, 0x01, 0xe1, 0x01, 0xe2, 0x01, 0xe3, 0x01, 0xe4,
  0x01, 0xfa, 0x03, 0xfb, 0x03, 0xfc, 0x03, 0xfd, 0x03, 0xfe, 0x03, 0xff,
  0x03, 0x80, 0x04, 0x81, 0x04, 0x82, 0x04, 0x83, 0x04, 0x84, 0x04, 0x85,
  0x04, 0x86, 0x04, 0x87, 0x04, 0x88, 0x04, 0x89, 0x04, 0x0d, 0x64, 0x61,
  0x72, 0x6b, 0x5f, 0x6f, 0x61, 0x6b, 0x5f, 0x6c, 0x6f, 0x67, 0x73, 0x04,
  0x8d, 0x01, 0xb2, 0x01, 0x9a, 0x01, 0xa5, 0x01, 0x19, 0x64, 0x65, 0x63,
  0x6f, 0x72, 0x61, 0x74, 0x65, 0x64, 0x5f, 0x70, 0x6f, 0x74, 0x5f, 0x69,
  0x6e, 0x67, 0x72, 0x65, 0x64, 0x69, 0x65, 0x6e, 0x74, 0x73, 0x18, 0x82,
  0x08, 0xa6, 0x0b, 0xa7, 0x0b, 0xa8, 0x0b, 0xa9, 0x0b, 0xaa, 0x0b, 0xab,
  0x0b, 0xac, 0x0b, 0xad, 0x0b, 0xaf, 0x0b, 0xb1, 0x0b, 0xb2, 0x0b, 0xb3,
  0x0b, 0xb4, 0x0b, 0xb5, 0x0b, 0xb6, 0x0b, 0xb7, 0x0b, 0xb9, 0x0b, 0xba,
  0x0b, 0xbb, 0x0b, 0xbc, 0x0b, 0xae, 0x0b, 0xb0, 0x0b, 0xb8, 0x0b, 0x14,
  0x64, 0x65, 0x63, 0x6f, 0x72, 0x61, 0x74, 0x65, 0x64, 0x5f, 0x70, 0x6f,
  0x74, 0x5f, 0x73, 0x68, 0x65, 0x72, 0x64, 0x73, 0x17, 0xa6, 0x0b, 0xa7,
  0x0b, 0xa8, 0x0b, 0xa9, 0x0b, 0xaa, 0x0b, 0xab, 0x0b, 0xac, 0x0b, 0xad,
  0x0b, 0xaf, 0x0b, 0xb1, 0x0b, 0xb2, 0x0b, 0xb3, 0x0b, 0xb4, 0x0b, 0xb5,
  0x0b, 0xb6, 0x0b, 0xb7, 0x0b, 0xb9, 0x0b, 0xba, 0x0b, 0xbb, 0x0b, 0xbc,
  0x0b, 0xae, 0x0b, 0xb0, 0x0b, 0xb8, 0x0b, 0x0c, 0x64, 0x69, 0x61, 0x6d,
  0x6f, 0x6e, 0x64, 0x5f, 0x6f, 0x72, 0x65, 0x73, 0x02, 0x4e, 0x4f, 0x16,
  0x64, 0x69, 0x61, 0x6d, 0x6f, 0x6e, 0x64, 0x5f, 0x74, 0x6f, 0x6f, 0x6c,
  0x5f, 0x6d, 0x61, 0x74, 0x65, 0x72, 0x69, 0x61, 0x6c, 0x73, 0x01, 0x83,
  0x07, 0x04, 0x64, 0x69, 0x72, 0x74, 0x03, 0x1c, 0x1d, 0x1f, 0x05, 0x64,
  0x6f, 0x6f, 0x72, 0x73, 0x15, 0x8d, 0x06, 0x8e, 0x06, 0x8f, 0x06, 0x90,
  0x06, 0x91, 0x06, 0x93, 0x06, 0x94, 0x06, 0x97, 0x06, 0x98, 0x06, 0x95,
  0x06, 0x96, 0x06, 0x92, 0x06, 0x99, 0x06, 0x9a, 0x06, 0x9b, 0x06, 0x9c,
  0x06, 0x9d, 0x06, 0x9e, 0x06, 0x9f, 0x06, 0xa0, 0x06, 0x8c, 0x06, 0x19,
  0x64, 0x72, 0x6f, 0x77, 0x6e, 0x65, 0x64, 0x5f, 0x70, 0x72, 0x65, 0x66,
  0x65, 0x72, 0x72, 0x65, 0x64, 0x5f, 0x77, 0x65, 0x61, 0x70, 0x6f, 0x6e,
  0x73, 0x01, 0xb4, 0x0a, 0x11, 0x64, 0x75, 0x70, 0x6c, 0x69, 0x63, 0x61,
  0x74, 0x65, 0x73, 0x5f, 0x61, 0x6c, 0x6c, 0x61, 0x79, 0x73, 0x01, 0x87,
  0x07, 0x04, 0x64, 0x79, 0x65, 0x73, 0x10, 0xab, 0x08, 0xac, 0x08, 0xad,
  0x08, 0xae, 0x08, 0xaf, 0x08, 0xb0, 0x08, 0xb1, 0x08, 0xb2, 0x08, 0xb3,
  0x08, 0xb4, 0x08, 0xb5, 0x08, 0xb6, 0x08, 0xb7, 0x08, 0xb8, 0x08, 0xb9,
  0x08, 0xba, 0x08, 0x04, 0x65, 0x67, 0x67, 0x73, 0x03, 0x88, 0x08, 0x89,
  0x08, 0x8a, 0x08, 0x0c, 0x65, 0x6d, 0x65, 0x72, 0x61, 0x6c, 0x64, 0x5f,
  0x6f, 0x72, 0x65, 0x73, 0x02, 0x4a, 0x4b, 0x11, 0x65, 0x6e, 0x63, 0x68,
  0x61, 0x6e, 0x74, 0x61, 0x62, 0x6c, 0x65, 0x2f, 0x61, 0x72, 0x6d, 0x6f,
  0x72, 0x1d, 0xbe, 0x07, 0xc2, 0x07, 0xc6, 0x07, 0xd2, 0x07, 0xca, 0x07,
  0xce, 0x07, 0xd6, 0x07, 0xbd, 0x07, 0xc1, 0x07, 0xc5, 0x07, 0xd1, 0x07,
  0xc9, 0x07, 0xcd, 0x07, 0xd5, 0x07, 0xbc, 0x07, 0xc0, 0x07, 0xc4, 0x07,
  0xd0, 0x07, 0xc8, 0x07, 0xcc, 0x07, 0xd4, 0x07, 0xbb, 0x07, 0xbf, 0x07,
  0xc3, 0x07, 0xcf, 0x07, 0xc7, 0x07, 0xcb, 0x07, 0xd3, 0x07, 0xf8, 0x06,
  0x0f, 0x65, 0x6e, 0x63, 0x68, 0x61, 0x6e, 0x74, 0x61, 0x62, 0x6c, 0x65,
  0x2f, 0x62, 0x6f, 0x77, 0x01, 0xff, 0x06, 0x17, 0x65, 0x6e, 0x63, 0x68,
  0x61, 0x6e, 0x74, 0x61, 0x62, 0x6c, 0x65, 0x2f, 0x63, 0x68, 0x65, 0x73,
  0x74, 0x5f, 0x61, 0x72, 0x6d, 0x6f, 0x72, 0x07, 0xbc, 0x07, 0xc0, 0x07,
  0xc4, 0x07, 0xd0, 0x07, 0xc8, 0x07, 0xcc, 0x07, 0xd4, 0x07, 0x14, 0x65,
  0x6e, 0x63, 0x68, 0x61, 0x6e, 0x74, 0x61, 0x62, 0x6c, 0x65, 0x2f, 0x63,
  0x72, 0x6f, 0x73, 0x73, 0x62, 0x6f, 0x77, 0x01, 0xbc, 0x0a, 0x16, 0x65,
  0x6e, 0x63, 0x68, 0x61, 0x6e, 0x74, 0x61, 0x62, 0x6c, 0x65, 0x2f, 0x64,
  0x75, 0x72, 0x61, 0x62, 0x69, 0x6c, 0x69, 0x74, 0x79, 0x53, 0xbe, 0x07,
  0xc2, 0x07, 0xc6, 0x07, 0xd2, 0x07, 0xca, 0x07, 0xce, 0x07, 0xd6, 0x07,
  0xbd, 0x07, 0xc1, 0x07, 0xc5, 0x07, 0xd1, 0x07, 0xc9, 0x07, 0xcd, 0x07,
  0xd5, 0x07, 0xbc, 0x07, 0xc0, 0x07, 0xc4, 0x07, 0xd0, 0x07, 0xc8, 0x07,
  0xcc, 0x07, 0xd4, 0x07, 0xbb, 0x07, 0xbf, 0x07, 0xc3, 0x07, 0xcf, 0x07,
  0xc7, 0x07, 0xcb, 0x07, 0xd3, 0x07, 0xf8, 0x06, 0xdf, 0x06, 0x90, 0x0a,
  0xa9, 0x07, 0x9a, 0x07, 0x9f, 0x07, 0xae, 0x07, 0x90, 0x07, 0xa4, 0x07,
  0x95, 0x07, 0xac, 0x07, 0x9d, 0x07, 0xa2, 0x07, 0xb1, 0x07, 0x93, 0x07,
  0xa7, 0x07, 0x98, 0x07, 0xab, 0x07, 0x9c, 0x07, 0xa1, 0x07, 0xb0, 0x07,
  0x92, 0x07, 0xa6, 0x07, 0x97, 0x07, 0xaa, 0x07, 0x9b, 0x07, 0xa0, 0x07,
  0xaf, 0x07, 0x91, 0x07, 0xa5, 0x07, 0x96, 0x07, 0xad, 0x07, 0x9e, 0x07,
  0xa3, 0x07, 0xb2, 0x07, 0x94, 0x07, 0xa8, 0x07, 0x99, 0x07, 0xff, 0x06,
  0xbc, 0x0a, 0xb4, 0x0a, 0xfc, 0x06, 0xd2, 0x08, 0x92, 0x0b, 0x9e, 0x08,
  0xdc, 0x06, 0xdd, 0x06, 0xc8, 0x09, 0x96, 0x0a, 0x92, 0x0a, 0x95, 0x0a,
  0x97, 0x0a, 0x91, 0x0a, 0x94, 0x0a, 0x93, 0x0a, 0x16, 0x65, 0x6e, 0x63,
  0x68, 0x61, 0x6e, 0x74, 0x61, 0x62, 0x6c, 0x65, 0x2f, 0x65, 0x71, 0x75,
  0x69, 0x70, 0x70, 0x61, 0x62, 0x6c, 0x65, 0x26, 0xbe, 0x07, 0xc2, 0x07,
  0xc6, 0x07, 0xd2, 0x07, 0xca, 0x07, 0xce, 0x07, 0xd6, 0x07, 0xbd, 0x07,
  0xc1, 0x07, 0xc5, 0x07, 0xd1, 0x07, 0xc9, 0x07, 0xcd, 0x07, 0xd5, 0x07,
  0xbc, 0x07, 0xc0, 0x07, 0xc4, 0x07, 0xd0, 0x07, 0xc8, 0x07, 0xcc, 0x07,
  0xd4, 0x07, 0xbb, 0x07, 0xbf, 0x07, 0xc3, 0x07, 0xcf, 0x07, 0xc7, 0x07,
  0xcb, 0x07, 0xd3, 0x07, 0xf8, 0x06, 0xdf, 0x06, 0xd4, 0x09, 0xd6, 0x09,
  0xd5, 0x09, 0xd2, 0x09, 0xd3, 0x09, 0xd7, 0x09, 0xd8, 0x09, 0xe6, 0x02,
  0x17, 0x65, 0x6e, 0x63, 0x68, 0x61, 0x6e, 0x74, 0x61, 0x62, 0x6c, 0x65,
  0x2f, 0x66, 0x69, 0x72, 0x65, 0x5f, 0x61, 0x73, 0x70, 0x65, 0x63, 0x74,
  0x0f, 0xa9, 0x07, 0x9a, 0x07, 0x9f, 0x07, 0xae, 0x07, 0x90, 0x07, 0xa4,
  0x07, 0x95, 0x07, 0x96, 0x0a, 0x92, 0x0a, 0x95, 0x0a, 0x97, 0x0a, 0x91,
  0x0a, 0x94, 0x0a, 0x93, 0x0a, 0xc8, 0x09, 0x13, 0x65, 0x6e, 0x63, 0x68,
  0x61, 0x6e, 0x74, 0x61, 0x62, 0x6c, 0x65, 0x2f, 0x66, 0x69, 0x73, 0x68,
  0x69, 0x6e, 0x67, 0x01, 0x9e, 0x08, 0x16, 0x65, 0x6e, 0x63, 0x68, 0x61,
  0x6e, 0x74, 0x61, 0x62, 0x6c, 0x65, 0x2f, 0x66, 0x6f, 0x6f, 0x74, 0x5f,
  0x61, 0x72, 0x6d, 0x6f, 0x72, 0x07, 0xbe, 0x07, 0xc2, 0x07, 0xc6, 0x07,
  0xd2, 0x07, 0xca, 0x07, 0xce, 0x07, 0xd6, 0x07, 0x16, 0x65, 0x6e, 0x63,
  0x68, 0x61, 0x6e, 0x74, 0x61, 0x62, 0x6c, 0x65, 0x2f, 0x68, 0x65, 0x61,
  0x64, 0x5f, 0x61, 0x72, 0x6d, 0x6f, 0x72, 0x08, 0xbb, 0x07, 0xbf, 0x07,
  0xc3, 0x07, 0xcf, 0x07, 0xc7, 0x07, 0xcb, 0x07, 0xd3, 0x07, 0xf8, 0x06,
  0x15, 0x65, 0x6e, 0x63, 0x68, 0x61, 0x6e, 0x74, 0x61, 0x62, 0x6c, 0x65,
  0x2f, 0x6c, 0x65, 0x67, 0x5f, 0x61, 0x72, 0x6d, 0x6f, 0x72, 0x07, 0xbd,
  0x07, 0xc1, 0x07, 0xc5, 0x07, 0xd1, 0x07, 0xc9, 0x07, 0xcd, 0x07, 0xd5,
  0x07, 0x11, 0x65, 0x6e, 0x63, 0x68, 0x61, 0x6e, 0x74, 0x61, 0x62, 0x6c,
  0x65, 0x2f, 0x6c, 0x75, 0x6e, 0x67, 0x65, 0x07, 0x96, 0x0a, 0x92, 0x0a,
  0x95, 0x0a, 0x97, 0x0a, 0x91, 0x0a, 0x94, 0x0a, 0x93, 0x0a, 0x10, 0x65,
  0x6e, 0x63, 0x68, 0x61, 0x6e, 0x74, 0x61, 0x62, 0x6c, 0x65, 0x2f, 0x6d,
  0x61, 0x63, 0x65, 0x01, 0xc8, 0x09, 0x18, 0x65, 0x6e, 0x63, 0x68, 0x61,
  0x6e, 0x74, 0x61, 0x62, 0x6c, 0x65, 0x2f, 0x6d, 0x65, 0x6c, 0x65, 0x65,
  0x5f, 0x77, 0x65, 0x61, 0x70, 0x6f, 0x6e, 0x0e, 0xa9, 0x07, 0x9a, 0x07,
  0x9f, 0x07, 0xae, 0x07, 0x90, 0x07, 0xa4, 0x07, 0x95, 0x07, 0x96, 0x0a,
  0x92, 0x0a, 0x95, 0x0a, 0x97, 0x0a, 0x91, 0x0a, 0x94, 0x0a, 0x93, 0x0a,
  0x12, 0x65, 0x6e, 0x63, 0x68, 0x61, 0x6e, 0x74, 0x61, 0x62, 0x6c, 0x65,
  0x2f, 0x6d, 0x69, 0x6e, 0x69, 0x6e, 0x67, 0x1d, 0xac, 0x07, 0x9d, 0x07,
  0xa2, 0x07, 0xb1, 0x07, 0x93, 0x07, 0xa7, 0x07, 0x98, 0x07, 0xab, 0x07,
  0x9c, 0x07, 0xa1, 0x07, 0xb0, 0x07, 0x92, 0x07, 0xa6, 0x07, 0x97, 0x07,
  0xaa, 0x07, 0x9b, 0x07, 0xa0, 0x07, 0xaf, 0x07, 0x91, 0x07, 0xa5, 0x07,
  0x96, 0x07, 0xad, 0x07, 0x9e, 0x07, 0xa3, 0x07, 0xb2, 0x07, 0x94, 0x07,
  0xa8, 0x07, 0x99, 0x07, 0xd2, 0x08, 0x17, 0x65, 0x6e, 0x63, 0x68, 0x61,
  0x6e, 0x74, 0x61, 0x62, 0x6c, 0x65, 0x2f, 0x6d, 0x69, 0x6e, 0x69, 0x6e,
  0x67, 0x5f, 0x6c, 0x6f, 0x6f, 0x74, 0x1c, 0xac, 0x07, 0x9d, 0x07, 0xa2,
  0x07, 0xb1, 0x07, 0x93, 0x07, 0xa7, 0x07, 0x98, 0x07, 0xab, 0x07, 0x9c,
  0x07, 0xa1, 0x07, 0xb0, 0x07, 0x92, 0x07, 0xa6, 0x07, 0x97, 0x07, 0xaa,
  0x07, 0x9b, 0x07, 0xa0, 0x07, 0xaf, 0x07, 0x91, 0x07, 0xa5, 0x07, 0x96,
  0x07, 0xad, 0x07, 0x9e, 0x07, 0xa3, 0x07, 0xb2, 0x07, 0x94, 0x07, 0xa8,
  0x07, 0x99, 0x07, 0x18, 0x65, 0x6e, 0x63, 0x68, 0x61, 0x6e, 0x74, 0x61,
  0x62, 0x6c, 0x65, 0x2f, 0x73, 0x68, 0x61, 0x72, 0x70, 0x5f, 0x77, 0x65,
  0x61, 0x70, 0x6f, 0x6e, 0x15, 0xa9, 0x07, 0x9a, 0x07, 0x9f, 0x07, 0xae,
  0x07, 0x90, 0x07, 0xa4, 0x07, 0x95, 0x07, 0x96, 0x0a, 0x92, 0x0a, 0x95,
  0x0a, 0x97, 0x0a, 0x91, 0x0a, 0x94, 0x0a, 0x93, 0x0a, 0xac, 0x07, 0x9d,
  0x07, 0xa2, 0x07, 0xb1, 0x07, 0x93, 0x07, 0xa7, 0x07, 0x98, 0x07, 0x14,
  0x65, 0x6e, 0x63, 0x68, 0x61, 0x6e, 0x74, 0x61, 0x62, 0x6c, 0x65, 0x2f,
  0x73, 0x77, 0x65, 0x65, 0x70, 0x69, 0x6e, 0x67, 0x07, 0xa9, 0x07, 0x9a,
  0x07, 0x9f, 0x07, 0xae, 0x07, 0x90, 0x07, 0xa4, 0x07, 0x95, 0x07, 0x13,
  0x65, 0x6e, 0x63, 0x68, 0x61, 0x6e, 0x74, 0x61, 0x62, 0x6c, 0x65, 0x2f,
  0x74, 0x72, 0x69, 0x64, 0x65, 0x6e, 0x74, 0x01, 0xb4, 0x0a, 0x15, 0x65,
  0x6e, 0x63, 0x68, 0x61, 0x6e, 0x74, 0x61, 0x62, 0x6c, 0x65, 0x2f, 0x76,
  0x61, 0x6e, 0x69, 0x73, 0x68, 0x69, 0x6e, 0x67, 0x5c, 0xbe, 0x07, 0xc2,
  0x07, 0xc6, 0x07, 0xd2, 0x07, 0xca, 0x07, 0xce, 0x07, 0xd6, 0x07, 0xbd,
  0x07, 0xc1, 0x07, 0xc5, 0x07, 0xd1, 0x07, 0xc9, 0x07, 0xcd, 0x07, 0xd5,
  0x07, 0xbc, 0x07, 0xc0, 0x07, 0xc4, 0x07, 0xd0, 0x07, 0xc8, 0x07, 0xcc,
  0x07, 0xd4, 0x07, 0xbb, 0x07, 0xbf, 0x07, 0xc3, 0x07, 0xcf, 0x07, 0xc7,
  0x07, 0xcb, 0x07, 0xd3, 0x07, 0xf8, 0x06, 0xdf, 0x06, 0x90, 0x0a, 0xa9,
  0x07, 0x9a, 0x07, 0x9f, 0x07, 0xae, 0x07, 0x90, 0x07, 0xa4, 0x07, 0x95,
  0x07, 0xac, 0x07, 0x9d, 0x07, 0xa2, 0x07, 0xb1, 0x07, 0x93, 0x07, 0xa7,
  0x07, 0x98, 0x07, 0xab, 0x07, 0x9c, 0x07, 0xa1, 0x07, 0xb0, 0x07, 0x92,
  0x07, 0xa6, 0x07, 0x97, 0x07, 0xaa, 0x07, 0x9b, 0x07, 0xa0, 0x07, 0xaf,
  0x07, 0x91, 0x07, 0xa5, 0x07, 0x96, 0x07, 0xad, 0x07, 0x9e, 0x07, 0xa3,
  0x07, 0xb2, 0x07, 0x94, 0x07, 0xa8, 0x07, 0x99, 0x07, 0xff, 0x06, 0xbc,
  0x0a, 0xb4, 0x0a, 0xfc, 0x06, 0xd2, 0x08, 0x92, 0x0b, 0x9e, 0x08, 0xdc,
  0x06, 0xdd, 0x06, 0xc8, 0x09, 0x96, 0x0a, 0x92, 0x0a, 0x95, 0x0a, 0x97,
  0x0a, 0x91, 0x0a, 0x94, 0x0a, 0x93, 0x0a, 0x8b, 0x08, 0xe6, 0x02, 0xd4,
  0x09, 0xd6, 0x09, 0xd5, 0x09, 0xd2, 0x09, 0xd3, 0x09, 0xd7, 0x09, 0xd8,
  0x09, 0x12, 0x65, 0x6e, 0x63, 0x68, 0x61, 0x6e, 0x74, 0x61, 0x62, 0x6c,
  0x65, 0x2f, 0x77, 0x65, 0x61, 0x70, 0x6f, 0x6e, 0x16, 0xa9, 0x07, 0x9a,
  0x07, 0x9f, 0x07, 0xae, 0x07, 0x90, 0x07, 0xa4, 0x07, 0x95, 0x07, 0x96,
  0x0a, 0x92, 0x0a, 0x95, 0x0a, 0x97, 0x0a, 0x91, 0x0a, 0x94, 0x0a, 0x93,
  0x0a, 0xac, 0x07, 0x9d, 0x07, 0xa2, 0x07, 0xb1, 0x07, 0x93, 0x07, 0xa7,
  0x07, 0x98, 0x07, 0xc8, 0x09, 0x0b, 0x66, 0x65, 0x6e, 0x63, 0x65, 0x5f,
  0x67, 0x61, 0x74, 0x65, 0x73, 0x0c, 0xba, 0x06, 0xb8, 0x06, 0xbc, 0x06,
  0xbd, 0x06, 0xb9, 0x06, 0xb6, 0x06, 0xb7, 0x06, 0xc0, 0x06, 0xc1, 0x06,
  0xbe, 0x06, 0xbf, 0x06, 0xbb, 0x06, 0x06, 0x66, 0x65, 0x6e, 0x63, 0x65,
  0x73, 0x0d, 0xd9, 0x02, 0xdd, 0x02, 0xdf, 0x02, 0xe0, 0x02, 0xda, 0x02,
  0xdb, 0x02, 0xdc, 0x02, 0xe3, 0x02, 0xe4, 0x02, 0xe1, 0x02, 0xe2, 0x02,
  0xde, 0x02, 0xac, 0x03, 0x06, 0x66, 0x69, 0x73, 0x68, 0x65, 0x73, 0x06,
  0xa2, 0x08, 0xa6, 0x08, 0xa3, 0x08, 0xa7, 0x08, 0xa5, 0x08, 0xa4, 0x08,
  0x07, 0x66, 0x6c, 0x6f, 0x77, 0x65, 0x72, 0x73, 0x1f, 0xe5, 0x01, 0xe7,
  0x01, 0xe9, 0x01, 0xea, 0x01, 0xeb, 0x01, 0xec, 0x01, 0xed, 0x01, 0xee,
  0x01, 0xef, 0x01, 0xf0, 0x01, 0xf1, 0x01, 0xf2, 0x01, 0xf3, 0x01, 0xf4,
  0x01, 0xf5, 0x01, 0xe8, 0x01, 0xe6, 0x01, 0x8d, 0x04, 0x8e, 0x04, 0x90,
  0x04, 0x8f, 0x04, 0xf6, 0x01, 0xc0, 0x01, 0xce, 0x01, 0x39, 0xbb, 0x01,
  0x83, 0x02, 0x84, 0x02, 0xc6, 0x02, 0xf7, 0x01, 0xd6, 0x02, 0x0a, 0x66,
  0x6f, 0x6f, 0x74, 0x5f, 0x61, 0x72, 0x6d, 0x6f, 0x72, 0x07, 0xbe, 0x07,
  0xc2, 0x07, 0xc6, 0x07, 0xd2, 0x07, 0xca, 0x07, 0xce, 0x07, 0xd6, 0x07,
  0x08, 0x66, 0x6f, 0x78, 0x5f, 0x66, 0x6f, 0x6f, 0x64, 0x02, 0xde, 0x0a,
  0xdf, 0x0a, 0x17, 0x66, 0x72, 0x65, 0x65, 0x7a, 0x65, 0x5f, 0x69, 0x6d,
  0x6d, 0x75, 0x6e, 0x65, 0x5f, 0x77, 0x65, 0x61, 0x72, 0x61, 0x62, 0x6c,
  0x65, 0x73, 0x05, 0xbe, 0x07, 0xbd, 0x07, 0xbc, 0x07, 0xbb, 0x07, 0xed,
  0x09, 0x09, 0x66, 0x72, 0x6f, 0x67, 0x5f, 0x66, 0x6f, 0x6f, 0x64, 0x01,
  0x87, 0x08, 0x15, 0x66, 0x75, 0x72, 0x6e, 0x61, 0x63, 0x65, 0x5f, 0x6d,
  0x69, 0x6e, 0x65, 0x63, 0x61, 0x72, 0x74, 0x5f, 0x66, 0x75, 0x65, 0x6c,
  0x02, 0x81, 0x07, 0x82, 0x07, 0x17, 0x67, 0x61, 0x7a, 0x65, 0x5f, 0x64,
  0x69, 0x73, 0x67, 0x75, 0x69, 0x73, 0x65, 0x5f, 0x65, 0x71, 0x75, 0x69,
  0x70, 0x6d, 0x65, 0x6e, 0x74, 0x01, 0xe6, 0x02, 0x09, 0x67, 0x6f, 0x61,
  0x74, 0x5f, 0x66, 0x6f, 0x6f, 0x64, 0x01, 0xb9, 0x07, 0x09, 0x67, 0x6f,
  0x6c, 0x64, 0x5f, 0x6f, 0x72, 0x65, 0x73, 0x03, 0x46, 0x50, 0x47, 0x13,
  0x67, 0x6f, 0x6c, 0x64, 0x5f, 0x74, 0x6f, 0x6f, 0x6c, 0x5f, 0x6d, 0x61,
  0x74, 0x65, 0x72, 0x69, 0x61, 0x6c, 0x73, 0x01, 0x8d, 0x07, 0x0c, 0x67,
  0x72, 0x61, 0x73, 0x73, 0x5f, 0x62, 0x6c, 0x6f, 0x63, 0x6b, 0x73, 0x03,
  0x1b, 0x1e, 0xa7, 0x03, 0x0d, 0x68, 0x61, 0x6e, 0x67, 0x69, 0x6e, 0x67,
  0x5f, 0x73, 0x69, 0x67, 0x6e, 0x73, 0x0c, 0xe9, 0x07, 0xea, 0x07, 0xeb,
  0x07, 0xed, 0x07, 0xee, 0x07, 0xec, 0x07, 0xef, 0x07, 0xf0, 0x07, 0xf3,
  0x07, 0xf4, 0x07, 0xf1, 0x07, 0xf2, 0x07, 0x10, 0x68, 0x61, 0x70, 0x70,
  0x79, 0x5f, 0x67, 0x68, 0x61, 0x73, 0x74, 0x5f, 0x66, 0x6f, 0x6f, 0x64,
  0x01, 0xf9, 0x07, 0x17, 0x68, 0x61, 0x70, 0x70, 0x79, 0x5f, 0x67, 0x68,
  0x61, 0x73, 0x74, 0x5f, 0x74, 0x65, 0x6d, 0x70, 0x74, 0x5f, 0x69, 0x74,
  0x65, 0x6d, 0x73, 0x11, 0xf9, 0x07, 0xc7, 0x06, 0xc8, 0x06, 0xc9, 0x06,
  0xca, 0x06, 0xcb, 0x06, 0xcc, 0x06, 0xcd, 0x06, 0xce, 0x06, 0xcf, 0x06,
  0xd0, 0x06, 0xd1, 0x06, 0xd2, 0x06, 0xd3, 0x06, 0xd4, 0x06, 0xd5, 0x06,
  0xd6, 0x06, 0x09, 0x68, 0x61, 0x72, 0x6e, 0x65, 0x73, 0x73, 0x65, 0x73,
  0x10, 0xc7, 0x06, 0xc8, 0x06, 0xc9, 0x06, 0xca, 0x06, 0xcb, 0x06, 0xcc,
  0x06, 0xcd, 0x06, 0xce, 0x06, 0xcf, 0x06, 0xd0, 0x06, 0xd1, 0x06, 0xd2,
  0x06, 0xd3, 0x06, 0xd4, 0x06, 0xd5, 0x06, 0xd6, 0x06, 0x0a, 0x68, 0x65,
  0x61, 0x64, 0x5f, 0x61, 0x72, 0x6d, 0x6f, 0x72, 0x08, 0xbb, 0x07, 0xbf,
  0x07, 0xc3, 0x07, 0xcf, 0x07, 0xc7, 0x07, 0xcb, 0x07, 0xd3, 0x07, 0xf8,
  0x06, 0x04, 0x68, 0x6f, 0x65, 0x73, 0x07, 0xad, 0x07, 0x9e, 0x07, 0xa3,
  0x07, 0xb2, 0x07, 0x94, 0x07, 0xa8, 0x07, 0x99, 0x07, 0x0b, 0x68, 0x6f,
  0x67, 0x6c, 0x69, 0x6e, 0x5f, 0x66, 0x6f, 0x6f, 0x64, 0x01, 0xfa, 0x01,
  0x0a, 0x68, 0x6f, 0x72, 0x73, 0x65, 0x5f, 0x66, 0x6f, 0x6f, 0x64, 0x08,
  0xb9, 0x07, 0xbd, 0x08, 0xf9, 0x03, 0xfe, 0x06, 0xcc, 0x09, 0xd1, 0x09,
  0xdb, 0x07, 0xdc, 0x07, 0x11, 0x68, 0x6f, 0x72, 0x73, 0x65, 0x5f, 0x74,
  0x65, 0x6d, 0x70, 0x74, 0x5f, 0x69, 0x74, 0x65, 0x6d, 0x73, 0x03, 0xd1,
  0x09, 0xdb, 0x07, 0xdc, 0x07, 0x18, 0x69, 0x67, 0x6e, 0x6f, 0x72, 0x65,
  0x64, 0x5f, 0x62, 0x79, 0x5f, 0x70, 0x69, 0x67, 0x6c, 0x69, 0x6e, 0x5f,
  0x62, 0x61, 0x62, 0x69, 0x65, 0x73, 0x01, 0xfa, 0x07, 0x09, 0x69, 0x72,
  0x6f, 0x6e, 0x5f, 0x6f, 0x72, 0x65, 0x73, 0x02, 0x42, 0x43, 0x13, 0x69,
  0x72, 0x6f, 0x6e, 0x5f, 0x74, 0x6f, 0x6f, 0x6c, 0x5f, 0x6d, 0x61, 0x74,
  0x65, 0x72, 0x69, 0x61, 0x6c, 0x73, 0x01, 0x89, 0x07, 0x0b, 0x6a, 0x75,
  0x6e, 0x67, 0x6c, 0x65, 0x5f, 0x6c, 0x6f, 0x67, 0x73, 0x04, 0x89, 0x01,
  0xae, 0x01, 0x97, 0x01, 0xa2, 0x01, 0x08, 0x6c, 0x61, 0x6e, 0x74, 0x65,
  0x72, 0x6e, 0x73, 0x0a, 0xd4, 0x0a, 0xd5, 0x0a, 0xd6, 0x0a, 0xda, 0x0a,
  0xd7, 0x0a, 0xdb, 0x0a, 0xd8, 0x0a, 0xdc, 0x0a, 0xd9, 0x0a, 0xdd, 0x0a,
  0x0a, 0x6c, 0x61, 0x70, 0x69, 0x73, 0x5f, 0x6f, 0x72, 0x65, 0x73, 0x02,
  0x4c, 0x4d, 0x06, 0x6c, 0x65, 0x61, 0x76, 0x65, 0x73, 0x0b, 0xb9, 0x01,
  0xb6, 0x01, 0xb7, 0x01, 0xbd, 0x01, 0xbc, 0x01, 0xba, 0x01, 0xb8, 0x01,
  0xbf, 0x01, 0xc0, 0x01, 0xbe, 0x01, 0xbb, 0x01, 0x0d, 0x6c, 0x65, 0x63,
  0x74, 0x65, 0x72, 0x6e, 0x5f, 0x62, 0x6f, 0x6f, 0x6b, 0x73, 0x02, 0xc6,
  0x09, 0xc5, 0x09, 0x09, 0x6c, 0x65, 0x67, 0x5f, 0x61, 0x72, 0x6d, 0x6f,
  0x72, 0x07, 0xbd, 0x07, 0xc1, 0x07, 0xc5, 0x07, 0xd1, 0x07, 0xc9, 0x07,
  0xcd, 0x07, 0xd5, 0x07, 0x0e, 0x6c, 0x69, 0x67, 0x68, 0x74, 0x6e, 0x69,
  0x6e, 0x67, 0x5f, 0x72, 0x6f, 0x64, 0x73, 0x08, 0xde, 0x05, 0xdf, 0x05,
  0xe0, 0x05, 0xe1, 0x05, 0xe2, 0x05, 0xe3, 0x05, 0xe4, 0x05, 0xe5, 0x05,
  0x0a, 0x6c, 0x6c, 0x61, 0x6d, 0x61, 0x5f, 0x66, 0x6f, 0x6f, 0x64, 0x02,
  0xb9, 0x07, 0xf9, 0x03, 0x11, 0x6c, 0x6c, 0x61, 0x6d, 0x61, 0x5f, 0x74,
  0x65, 0x6d, 0x70, 0x74, 0x5f, 0x69, 0x74, 0x65, 0x6d, 0x73, 0x01, 0xf9,
  0x03, 0x04, 0x6c, 0x6f, 0x67, 0x73, 0x2c, 0x8d, 0x01, 0xb2, 0x01, 0x9a,
  0x01, 0xa5, 0x01, 0x8c, 0x01, 0xb1, 0x01, 0x9b, 0x01, 0xa6, 0x01, 0x86,
  0x01, 0xab, 0x01, 0x94, 0x01, 0x9f, 0x01, 0x8a, 0x01, 0xaf, 0x01, 0x98,
  0x01, 0xa3, 0x01, 0x88, 0x01, 0xad, 0x01, 0x96, 0x01, 0xa1, 0x01, 0x89,
  0x01, 0xae, 0x01, 0x97, 0x01, 0xa2, 0x01, 0x87, 0x01, 0xac, 0x01, 0x95,
  0x01, 0xa0, 0x01, 0x8e, 0x01, 0xb3, 0x01, 0x9c, 0x01, 0xa7, 0x01, 0x8b,
  0x01, 0xb0, 0x01, 0x99, 0x01, 0xa4, 0x01, 0x91, 0x01, 0x9d, 0x01, 0xb4,
  0x01, 0xa8, 0x01, 0x92, 0x01, 0x9e, 0x01, 0xb5, 0x01, 0xa9, 0x01, 0x0e,
  0x6c, 0x6f, 0x67, 0x73, 0x5f, 0x74, 0x68, 0x61, 0x74, 0x5f, 0x62, 0x75,
  0x72, 0x6e, 0x24, 0x8d, 0x01, 0xb2, 0x01, 0x9a, 0x01, 0xa5, 0x01, 0x8c,
  0x01, 0xb1, 0x01, 0x9b, 0x01, 0xa6, 0x01, 0x86, 0x01, 0xab, 0x01, 0x94,
  0x01, 0x9f, 0x01, 0x8a, 0x01, 0xaf, 0x01, 0x98, 0x01, 0xa3, 0x01, 0x88,
  0x01, 0xad, 0x01, 0x96, 0x01, 0xa1, 0x01, 0x89, 0x01, 0xae, 0x01, 0x97,
  0x01, 0xa2, 0x01, 0x87, 0x01, 0xac, 0x01, 0x95, 0x01, 0xa0, 0x01, 0x8e,
  0x01, 0xb3, 0x01, 0x9c, 0x01, 0xa7, 0x01, 0x8b, 0x01, 0xb0, 0x01, 0x99,
  0x01, 0xa4, 0x01, 0x09, 0x6c, 0x6f, 0x6f, 0x6d, 0x5f, 0x64, 0x79, 0x65,
  0x73, 0x10, 0xab, 0x08, 0xac, 0x08, 0xad, 0x08, 0xae, 0x08, 0xaf, 0x08,
  0xb0, 0x08, 0xb1, 0x08, 0xb2, 0x08, 0xb3, 0x08, 0xb4, 0x08, 0xb5, 0x08,
  0xb6, 0x08, 0xb7, 0x08, 0xb8, 0x08, 0xb9, 0x08, 0xba, 0x08, 0x0d, 0x6c,
  0x6f, 0x6f, 0x6d, 0x5f, 0x70, 0x61, 0x74, 0x74, 0x65, 0x72, 0x6e, 0x73,
  0x0a, 0xbf, 0x0a, 0xc0, 0x0a, 0xc1, 0x0a, 0xc2, 0x0a, 0xc3, 0x0a, 0xc4,
  0x0a, 0xc5, 0x0a, 0xc6, 0x0a, 0xc7, 0x0a, 0xc8, 0x0a, 0x0d, 0x6d, 0x61,
  0x6e, 0x67, 0x72, 0x6f, 0x76, 0x65, 0x5f, 0x6c, 0x6f, 0x67, 0x73, 0x04,
  0x8e, 0x01, 0xb3, 0x01, 0x9c, 0x01, 0xa7, 0x01, 0x1a, 0x6d, 0x61, 0x70,
  0x5f, 0x69, 0x6e, 0x76, 0x69, 0x73, 0x69, 0x62, 0x69, 0x6c, 0x69, 0x74,
  0x79, 0x5f, 0x65, 0x71, 0x75, 0x69, 0x70, 0x6d, 0x65, 0x6e, 0x74, 0x01,
  0xe6, 0x02, 0x04, 0x6d, 0x65, 0x61, 0x74, 0x0b, 0xd7, 0x08, 0xd9, 0x08,
  0xd8, 0x08, 0xda, 0x08, 0xf2, 0x09, 0xd9, 0x07, 0xe3, 0x09, 0xf1, 0x09,
  0xd8, 0x07, 0xe2, 0x09, 0xdb, 0x08, 0x0d, 0x6d, 0x65, 0x74, 0x61, 0x6c,
  0x5f, 0x6e, 0x75, 0x67, 0x67, 0x65, 0x74, 0x73, 0x03, 0x9b, 0x0a, 0x9a,
  0x0a, 0xdf, 0x08, 0x0b, 0x6d, 0x6f, 0x73, 0x73, 0x5f, 0x62, 0x6c, 0x6f,
  0x63, 0x6b, 0x73, 0x02, 0x87, 0x02, 0x8a, 0x02, 0x03, 0x6d, 0x75, 0x64,
  0x02, 0x20, 0x90, 0x01, 0x14, 0x6e, 0x61, 0x75, 0x74, 0x69, 0x6c, 0x75,
  0x73, 0x5f, 0x62, 0x75, 0x63, 0x6b, 0x65, 0x74, 0x5f, 0x66, 0x6f, 0x6f,
  0x64, 0x04, 0xfc, 0x07, 0xfe, 0x07, 0xfd, 0x07, 0xff, 0x07, 0x0d, 0x6e,
  0x61, 0x75, 0x74, 0x69, 0x6c, 0x75, 0x73, 0x5f, 0x66, 0x6f, 0x6f, 0x64,
  0x0a, 0xa2, 0x08, 0xa6, 0x08, 0xa3, 0x08, 0xa7, 0x08, 0xa5, 0x08, 0xa4,
  0x08, 0xfc, 0x07, 0xfe, 0x07, 0xfd, 0x07, 0xff, 0x07, 0x15, 0x6e, 0x61,
  0x75, 0x74, 0x69, 0x6c, 0x75, 0x73, 0x5f, 0x74, 0x61, 0x6d, 0x69, 0x6e,
  0x67, 0x5f, 0x69, 0x74, 0x65, 0x6d, 0x73, 0x02, 0xfc, 0x07, 0xa5, 0x08,
  0x18, 0x6e, 0x65, 0x74, 0x68, 0x65, 0x72, 0x69, 0x74, 0x65, 0x5f, 0x74,
  0x6f, 0x6f, 0x6c, 0x5f, 0x6d, 0x61, 0x74, 0x65, 0x72, 0x69, 0x61, 0x6c,
  0x73, 0x01, 0x8e, 0x07, 0x12, 0x6e, 0x6f, 0x6e, 0x5f, 0x66, 0x6c, 0x61,
  0x6d, 0x6d, 0x61, 0x62, 0x6c, 0x65, 0x5f, 0x77, 0x6f, 0x6f, 0x64, 0x20,
  0x92, 0x01, 0x9e, 0x01, 0xb5, 0x01, 0xa9, 0x01, 0x91, 0x01, 0x9d, 0x01,
  0xb4, 0x01, 0xa8, 0x01, 0x2e, 0x2f, 0x9a, 0x02, 0x9b, 0x02, 0x8a, 0x06,
  0x8b, 0x06, 0xe3, 0x02, 0xe4, 0x02, 0xac, 0x06, 0xad, 0x06, 0xc0, 0x06,
  0xc1, 0x06, 0xc5, 0x03, 0xc6, 0x03, 0xfa, 0x05, 0xfb, 0x05, 0x97, 0x06,
  0x98, 0x06, 0xe7, 0x07, 0xe8, 0x07, 0xf4, 0x07, 0xf3, 0x07, 0xbd, 0x02,
  0xb6, 0x02, 0x19, 0x6e, 0x6f, 0x74, 0x65, 0x62, 0x6c, 0x6f, 0x63, 0x6b,
  0x5f, 0x74, 0x6f, 0x70, 0x5f, 0x69, 0x6e, 0x73, 0x74, 0x72, 0x75, 0x6d,
  0x65, 0x6e, 0x74, 0x73, 0x07, 0xd5, 0x09, 0xd2, 0x09, 0xd6, 0x09, 0xd7,
  0x09, 0xd3, 0x09, 0xd8, 0x09, 0xd4, 0x09, 0x08, 0x6f, 0x61, 0x6b, 0x5f,
  0x6c, 0x6f, 0x67, 0x73, 0x04, 0x86, 0x01, 0xab, 0x01, 0x94, 0x01, 0x9f,
  0x01, 0x0b, 0x6f, 0x63, 0x65, 0x6c, 0x6f, 0x74, 0x5f, 0x66, 0x6f, 0x6f,
  0x64, 0x02, 0xa2, 0x08, 0xa3, 0x08, 0x0d, 0x70, 0x61, 0x6c, 0x65, 0x5f,
  0x6f, 0x61, 0x6b, 0x5f, 0x6c, 0x6f, 0x67, 0x73, 0x04, 0x8c, 0x01, 0xb1,
  0x01, 0x9b, 0x01, 0xa6, 0x01, 0x16, 0x70, 0x61, 0x6e, 0x64, 0x61, 0x5f,
  0x65, 0x61, 0x74, 0x73, 0x5f, 0x66, 0x72, 0x6f, 0x6d, 0x5f, 0x67, 0x72,
  0x6f, 0x75, 0x6e, 0x64, 0x02, 0x8e, 0x02, 0xbe, 0x08, 0x0a, 0x70, 0x61,
  0x6e, 0x64, 0x61, 0x5f, 0x66, 0x6f, 0x6f, 0x64, 0x01, 0x8e, 0x02, 0x0b,
  0x70, 0x61, 0x72, 0x72, 0x6f, 0x74, 0x5f, 0x66, 0x6f, 0x6f, 0x64, 0x06,
  0xb8, 0x07, 0xd6, 0x08, 0xd5, 0x08, 0x89, 0x0a, 0x86, 0x0a, 0x87, 0x0a,
  0x15, 0x70, 0x61, 0x72, 0x72, 0x6f, 0x74, 0x5f, 0x70, 0x6f, 0x69, 0x73,
  0x6f, 0x6e, 0x6f, 0x75, 0x73, 0x5f, 0x66, 0x6f, 0x6f, 0x64, 0x01, 0xcf,
  0x08, 0x08, 0x70, 0x69, 0x63, 0x6b, 0x61, 0x78, 0x65, 0x73, 0x07, 0xab,
  0x07, 0x9c, 0x07, 0xa1, 0x07, 0xb0, 0x07, 0x92, 0x07, 0xa6, 0x07, 0x97,
  0x07, 0x08, 0x70, 0x69, 0x67, 0x5f, 0x66, 0x6f, 0x6f, 0x64, 0x03, 0xcc,
  0x09, 0xcd, 0x09, 0x88, 0x0a, 0x0b, 0x70, 0x69, 0x67, 0x6c, 0x69, 0x6e,
  0x5f, 0x66, 0x6f, 0x6f, 0x64, 0x02, 0xd8, 0x07, 0xd9, 0x07, 0x0c, 0x70,
  0x69, 0x67, 0x6c, 0x69, 0x6e, 0x5f, 0x6c, 0x6f, 0x76, 0x65, 0x64, 0x1c,
  0x46, 0x50, 0x47, 0x5c, 0xed, 0x0a, 0xfe, 0x05, 0x8d, 0x07, 0xd3, 0x0a,
  0x9f, 0x08, 0xd1, 0x09, 0xea, 0x08, 0xdb, 0x07, 0xdc, 0x07, 0xcf, 0x07,
  0xd0, 0x07, 0xd1, 0x07, 0xd2, 0x07, 0xea, 0x09, 0xb7, 0x0a, 0x9f, 0x07,
  0x95, 0x0a, 0xa1, 0x07, 0xa0, 0x07, 0xa2, 0x07, 0xa3, 0x07, 0x8c, 0x07,
  0x56, 0xe6, 0x01, 0x18, 0x70, 0x69, 0x67, 0x6c, 0x69, 0x6e, 0x5f, 0x70,
  0x72, 0x65, 0x66, 0x65, 0x72, 0x72, 0x65, 0x64, 0x5f, 0x77, 0x65, 0x61,
  0x70, 0x6f, 0x6e, 0x73, 0x02, 0xbc, 0x0a, 0x95, 0x0a, 0x11, 0x70, 0x69,
  0x67, 0x6c, 0x69, 0x6e, 0x5f, 0x72, 0x65, 0x70, 0x65, 0x6c, 0x6c, 0x65,
  0x6e, 0x74, 0x73, 0x03, 0xee, 0x02, 0xd5, 0x0a, 0xe1, 0x0a, 0x11, 0x70,
  0x69, 0x67, 0x6c, 0x69, 0x6e, 0x5f, 0x73, 0x61, 0x66, 0x65, 0x5f, 0x61,
  0x72, 0x6d, 0x6f, 0x72, 0x04, 0xcf, 0x07, 0xd0, 0x07, 0xd1, 0x07, 0xd2,
  0x07, 0x1a, 0x70, 0x69, 0x6c, 0x6c, 0x61, 0x67, 0x65, 0x72, 0x5f, 0x70,
  0x72, 0x65, 0x66, 0x65, 0x72, 0x72, 0x65, 0x64, 0x5f, 0x77, 0x65, 0x61,
  0x70, 0x6f, 0x6e, 0x73, 0x01, 0xbc, 0x0a, 0x06, 0x70, 0x6c, 0x61, 0x6e,
  0x6b, 0x73, 0x0c, 0x24, 0x25, 0x26, 0x27, 0x28, 0x2a, 0x2b, 0x2e, 0x2f,
  0x2c, 0x2d, 0x29, 0x0b, 0x72, 0x61, 0x62, 0x62, 0x69, 0x74, 0x5f, 0x66,
  0x6f, 0x6f, 0x64, 0x03, 0xcc, 0x09, 0xd1, 0x09, 0xe5, 0x01, 0x05, 0x72,
  0x61, 0x69, 0x6c, 0x73, 0x04, 0xc4, 0x06, 0xc2, 0x06, 0xc3, 0x06, 0xc5,
  0x06, 0x0d, 0x72, 0x65, 0x64, 0x73, 0x74, 0x6f, 0x6e, 0x65, 0x5f, 0x6f,
  0x72, 0x65, 0x73, 0x02, 0x48, 0x49, 0x13, 0x72, 0x65, 0x70, 0x61, 0x69,
  0x72, 0x73, 0x5f, 0x63, 0x68, 0x61, 0x69, 0x6e, 0x5f, 0x61, 0x72, 0x6d,
  0x6f, 0x72, 0x01, 0x89, 0x07, 0x14, 0x72, 0x65, 0x70, 0x61, 0x69, 0x72,
  0x73, 0x5f, 0x63, 0x6f, 0x70, 0x70, 0x65, 0x72, 0x5f, 0x61, 0x72, 0x6d,
  0x6f, 0x72, 0x01, 0x8b, 0x07, 0x15, 0x72, 0x65, 0x70, 0x61, 0x69, 0x72,
  0x73, 0x5f, 0x64, 0x69, 0x61, 0x6d, 0x6f, 0x6e, 0x64, 0x5f, 0x61, 0x72,
  0x6d, 0x6f, 0x72, 0x01, 0x83, 0x07, 0x12, 0x72, 0x65, 0x70, 0x61, 0x69,
  0x72, 0x73, 0x5f, 0x67, 0x6f, 0x6c, 0x64, 0x5f, 0x61, 0x72, 0x6d, 0x6f,
  0x72, 0x01, 0x8d, 0x07, 0x12, 0x72, 0x65, 0x70, 0x61, 0x69, 0x72, 0x73,
  0x5f, 0x69, 0x72, 0x6f, 0x6e, 0x5f, 0x61, 0x72, 0x6d, 0x6f, 0x72, 0x01,
  0x89, 0x07, 0x15, 0x72, 0x65, 0x70, 0x61, 0x69, 0x72, 0x73, 0x5f, 0x6c,
  0x65, 0x61, 0x74, 0x68, 0x65, 0x72, 0x5f, 0x61, 0x72, 0x6d, 0x6f, 0x72,
  0x01, 0xfa, 0x07, 0x17, 0x72, 0x65, 0x70, 0x61, 0x69, 0x72, 0x73, 0x5f,
  0x6e, 0x65, 0x74, 0x68, 0x65, 0x72, 0x69, 0x74, 0x65, 0x5f, 0x61, 0x72,
  0x6d, 0x6f, 0x72, 0x01, 0x8e, 0x07, 0x15, 0x72, 0x65, 0x70, 0x61, 0x69,
  0x72, 0x73, 0x5f, 0x74, 0x75, 0x72, 0x74, 0x6c, 0x65, 0x5f, 0x68, 0x65,
  0x6c, 0x6d, 0x65, 0x74, 0x01, 0xf9, 0x06, 0x12, 0x72, 0x65, 0x70, 0x61,
  0x69, 0x72, 0x73, 0x5f, 0x77, 0x6f, 0x6c, 0x66, 0x5f, 0x61, 0x72, 0x6d,
  0x6f, 0x72, 0x01, 0xfa, 0x06, 0x04, 0x73, 0x61, 0x6e, 0x64, 0x03, 0x3b,
  0x3e, 0x3c, 0x08, 0x73, 0x61, 0x70, 0x6c, 0x69, 0x6e, 0x67, 0x73, 0x0b,
  0x31, 0x32, 0x33, 0x34, 0x35, 0x37, 0x38, 0xcd, 0x01, 0xce, 0x01, 0x39,
  0x36, 0x1b, 0x73, 0x68, 0x65, 0x61, 0x72, 0x61, 0x62, 0x6c, 0x65, 0x5f,
  0x66, 0x72, 0x6f, 0x6d, 0x5f, 0x63, 0x6f, 0x70, 0x70, 0x65, 0x72, 0x5f,
  0x67, 0x6f, 0x6c, 0x65, 0x6d, 0x01, 0xe9, 0x01, 0x0a, 0x73, 0x68, 0x65,
  0x65, 0x70, 0x5f, 0x66, 0x6f, 0x6f, 0x64, 0x01, 0xb9, 0x07, 0x07, 0x73,
  0x68, 0x6f, 0x76, 0x65, 0x6c, 0x73, 0x07, 0xaa, 0x07, 0x9b, 0x07, 0xa0,
  0x07, 0xaf, 0x07, 0x91, 0x07, 0xa5, 0x07, 0x96, 0x07, 0x0d, 0x73, 0x68,
  0x75, 0x6c, 0x6b, 0x65, 0x72, 0x5f, 0x62, 0x6f, 0x78, 0x65, 0x73, 0x11,
  0xc6, 0x04, 0xd6, 0x04, 0xd2, 0x04, 0xd3, 0x04, 0xd0, 0x04, 0xce, 0x04,
  0xd4, 0x04, 0xca, 0x04, 0xcf, 0x04, 0xcc, 0x04, 0xc9, 0x04, 0xc8, 0x04,
  0xcd, 0x04, 0xd1, 0x04, 0xd5, 0x04, 0xc7, 0x04, 0xcb, 0x04, 0x05, 0x73,
  0x69, 0x67, 0x6e, 0x73, 0x0c, 0xdd, 0x07, 0xde, 0x07, 0xdf, 0x07, 0xe1,
  0x07, 0xe0, 0x07, 0xe3, 0x07, 0xe4, 0x07, 0xe7, 0x07, 0xe8, 0x07, 0xe5,
  0x07, 0xe6, 0x07, 0xe2, 0x07, 0x1a, 0x73, 0x6b, 0x65, 0x6c, 0x65, 0x74,
  0x6f, 0x6e, 0x5f, 0x70, 0x72, 0x65, 0x66, 0x65, 0x72, 0x72, 0x65, 0x64,
  0x5f, 0x77, 0x65, 0x61, 0x70, 0x6f, 0x6e, 0x73, 0x01, 0xff, 0x06, 0x06,
  0x73, 0x6b, 0x75, 0x6c, 0x6c, 0x73, 0x07, 0xd4, 0x09, 0xd6, 0x09, 0xd5,
  0x09, 0xd2, 0x09, 0xd3, 0x09, 0xd7, 0x09, 0xd8, 0x09, 0x05, 0x73, 0x6c,
  0x61, 0x62, 0x73, 0x3e, 0x8f, 0x02, 0x90, 0x02, 0x91, 0x02, 0x92, 0x02,
  0x93, 0x02, 0x95, 0x02, 0x96, 0x02, 0x9a, 0x02, 0x9b, 0x02, 0x97, 0x02,
  0x98, 0x02, 0x94, 0x02, 0x99, 0x02, 0x9c, 0x02, 0x9d, 0x02, 0xa3, 0x02,
  0x9e, 0x02, 0xa9, 0x02, 0xa6, 0x02, 0xa7, 0x02, 0xa2, 0x02, 0xa1, 0x02,
  0xa5, 0x02, 0xa0, 0x02, 0xaa, 0x02, 0xab, 0x02, 0xac, 0x02, 0xbc, 0x05,
  0xbd, 0x05, 0xbe, 0x05, 0xbf, 0x05, 0xc0, 0x05, 0xc1, 0x05, 0xc2, 0x05,
  0xc3, 0x05, 0xc4, 0x05, 0xc5, 0x05, 0xc6, 0x05, 0xc7, 0x05, 0xc8, 0x05,
  0x9f, 0x02, 0xa8, 0x02, 0xeb, 0x0a, 0xf3, 0x0a, 0xef, 0x0a, 0xc9, 0x05,
  0xca, 0x05, 0xcc, 0x05, 0xcb, 0x05, 0x84, 0x01, 0x83, 0x01, 0x82, 0x01,
  0x71, 0x70, 0x6f, 0x6e, 0x85, 0x01, 0xa4, 0x02, 0x0d, 0x12, 0x16, 0xa1,
  0x03, 0x0d, 0x73, 0x6d, 0x61, 0x6c, 0x6c, 0x5f, 0x66, 0x6c, 0x6f, 0x77,
  0x65, 0x72, 0x73, 0x11, 0xe5, 0x01, 0xe7, 0x01, 0xe9, 0x01, 0xea, 0x01,
  0xeb, 0x01, 0xec, 0x01, 0xed, 0x01, 0xee, 0x01, 0xef, 0x01, 0xf0, 0x01,
  0xf1, 0x01, 0xf2, 0x01, 0xf3, 0x01, 0xf4, 0x01, 0xf5, 0x01, 0xe8, 0x01,
  0xe6, 0x01, 0x0f, 0x73, 0x6d, 0x65, 0x6c, 0x74, 0x73, 0x5f, 0x74, 0x6f,
  0x5f, 0x67, 0x6c, 0x61, 0x73, 0x73, 0x02, 0x3b, 0x3e, 0x0c, 0x73, 0x6e,
  0x69, 0x66, 0x66, 0x65, 0x72, 0x5f, 0x66, 0x6f, 0x6f, 0x64, 0x01, 0x86,
  0x0a, 0x15, 0x73, 0x6f, 0x75, 0x6c, 0x5f, 0x66, 0x69, 0x72, 0x65, 0x5f,
  0x62, 0x61, 0x73, 0x65, 0x5f, 0x62, 0x6c, 0x6f, 0x63, 0x6b, 0x73, 0x02,
  0xe9, 0x02, 0xea, 0x02, 0x06, 0x73, 0x70, 0x65, 0x61, 0x72, 0x73, 0x07,
  0x96, 0x0a, 0x92, 0x0a, 0x95, 0x0a, 0x97, 0x0a, 0x91, 0x0a, 0x94, 0x0a,
  0x93, 0x0a, 0x0b, 0x73, 0x70, 0x72, 0x75, 0x63, 0x65, 0x5f, 0x6c, 0x6f,
  0x67, 0x73, 0x04, 0x87, 0x01, 0xac, 0x01, 0x95, 0x01, 0xa0, 0x01, 0x06,
  0x73, 0x74, 0x61, 0x69, 0x72, 0x73, 0x3a, 0xba, 0x03, 0xbb, 0x03, 0xbc,
  0x03, 0xbd, 0x03, 0xbe, 0x03, 0xc0, 0x03, 0xc1, 0x03, 0xc5, 0x03, 0xc6,
  0x03, 0xc2, 0x03, 0xc3, 0x03, 0xbf, 0x03, 0xc4, 0x03, 0xd1, 0x02, 0xb7,
  0x03, 0xad, 0x03, 0xa5, 0x03, 0xa4, 0x03, 0xc9, 0x02, 0xe6, 0x03, 0xbd,
  0x04, 0xb7, 0x04, 0xb6, 0x04, 0xb8, 0x04, 0xaa, 0x05, 0xab, 0x05, 0xac,
  0x05, 0xad, 0x05, 0xae, 0x05, 0xaf, 0x05, 0xb0, 0x05, 0xb1, 0x05, 0xb2,
  0x05, 0xb3, 0x05, 0xb4, 0x05, 0xb5, 0x05, 0xb6, 0x05, 0xb7, 0x05, 0xec,
  0x0a, 0xf4, 0x0a, 0xf0, 0x0a, 0xb8, 0x05, 0xb9, 0x05, 0xbb, 0x05, 0xba,
  0x05, 0x6d, 0x6c, 0x6b, 0x6a, 0x80, 0x01, 0x7f, 0x7e, 0x81, 0x01, 0xa6,
  0x03, 0x0e, 0x13, 0x17, 0xa0, 0x03, 0x0c, 0x73, 0x74, 0x6f, 0x6e, 0x65,
  0x5f, 0x62, 0x72, 0x69, 0x63, 0x6b, 0x73, 0x04, 0xf8, 0x02, 0xf9, 0x02,
  0xfa, 0x02, 0xfb, 0x02, 0x0d, 0x73, 0x74, 0x6f, 0x6e, 0x65, 0x5f, 0x62,
  0x75, 0x74, 0x74, 0x6f, 0x6e, 0x73, 0x02, 0xee, 0x05, 0xef, 0x05, 0x18,
  0x73, 0x74, 0x6f, 0x6e, 0x65, 0x5f, 0x63, 0x72, 0x61, 0x66, 0x74, 0x69,
  0x6e, 0x67, 0x5f, 0x6d, 0x61, 0x74, 0x65, 0x72, 0x69, 0x61, 0x6c, 0x73,
  0x03, 0x23, 0xea, 0x0a, 0x09, 0x14, 0x73, 0x74, 0x6f, 0x6e, 0x65, 0x5f,
  0x74, 0x6f, 0x6f, 0x6c, 0x5f, 0x6d, 0x61, 0x74, 0x65, 0x72, 0x69, 0x61,
  0x6c, 0x73, 0x03, 0x23, 0xea, 0x0a, 0x09, 0x0c, 0x73, 0x74, 0x72, 0x69,
  0x64, 0x65, 0x72, 0x5f, 0x66, 0x6f, 0x6f, 0x64, 0x01, 0xfb, 0x01, 0x13,
  0x73, 0x74, 0x72, 0x69, 0x64, 0x65, 0x72, 0x5f, 0x74, 0x65, 0x6d, 0x70,
  0x74, 0x5f, 0x69, 0x74, 0x65, 0x6d, 0x73, 0x02, 0xfb, 0x01, 0xdd, 0x06,
  0x06, 0x73, 0x77, 0x6f, 0x72, 0x64, 0x73, 0x07, 0xa9, 0x07, 0x9a, 0x07,
  0x9f, 0x07, 0xae, 0x07, 0x90, 0x07, 0xa4, 0x07, 0x95, 0x07, 0x0a, 0x74,
  0x65, 0x72, 0x72, 0x61, 0x63, 0x6f, 0x74, 0x74, 0x61, 0x11, 0x8a, 0x04,
  0xe7, 0x03, 0xe8, 0x03, 0xe9, 0x03, 0xea, 0x03, 0xeb, 0x03, 0xec, 0x03,
  0xed, 0x03, 0xee, 0x03, 0xef, 0x03, 0xf0, 0x03, 0xf1, 0x03, 0xf2, 0x03,
  0xf3, 0x03, 0xf4, 0x03, 0xf5, 0x03, 0xf6, 0x03, 0x09, 0x74, 0x72, 0x61,
  0x70, 0x64, 0x6f, 0x6f, 0x72, 0x73, 0x15, 0xa6, 0x06, 0xa4, 0x06, 0xa8,
  0x06, 0xa9, 0x06, 0xa5, 0x06, 0xa2, 0x06, 0xa3, 0x06, 0xac, 0x06, 0xad,
  0x06, 0xaa, 0x06, 0xab, 0x06, 0xa7, 0x06, 0xa1, 0x06, 0xae, 0x06, 0xaf,
  0x06, 0xb0, 0x06, 0xb1, 0x06, 0xb2, 0x06, 0xb3, 0x06, 0xb4, 0x06, 0xb5,
  0x06, 0x0e, 0x74, 0x72, 0x69, 0x6d, 0x5f, 0x6d, 0x61, 0x74, 0x65, 0x72,
  0x69, 0x61, 0x6c, 0x73, 0x0b, 0x87, 0x07, 0x8b, 0x07, 0x83, 0x07, 0x84,
  0x07, 0x8d, 0x07, 0x89, 0x07, 0x85, 0x07, 0x8e, 0x07, 0x86, 0x07, 0xce,
  0x05, 0xdf, 0x09, 0x0f, 0x74, 0x72, 0x69, 0x6d, 0x6d, 0x61, 0x62, 0x6c,
  0x65, 0x5f, 0x61, 0x72, 0x6d, 0x6f, 0x72, 0x1d, 0xbe, 0x07, 0xc2, 0x07,
  0xc6, 0x07, 0xd2, 0x07, 0xca, 0x07, 0xce, 0x07, 0xd6, 0x07, 0xbd, 0x07,
  0xc1, 0x07, 0xc5, 0x07, 0xd1, 0x07, 0xc9, 0x07, 0xcd, 0x07, 0xd5, 0x07,
  0xbc, 0x07, 0xc0, 0x07, 0xc4, 0x07, 0xd0, 0x07, 0xc8, 0x07, 0xcc, 0x07,
  0xd4, 0x07, 0xbb, 0x07, 0xbf, 0x07, 0xc3, 0x07, 0xcf, 0x07, 0xc7, 0x07,
  0xcb, 0x07, 0xd3, 0x07, 0xf8, 0x06, 0x0b, 0x74, 0x75, 0x72, 0x74, 0x6c,
  0x65, 0x5f, 0x66, 0x6f, 0x6f, 0x64, 0x01, 0xd3, 0x01, 0x11, 0x76, 0x69,
  0x6c, 0x6c, 0x61, 0x67, 0x65, 0x72, 0x5f, 0x70, 0x69, 0x63, 0x6b, 0x73,
  0x5f, 0x75, 0x70, 0x09, 0xb8, 0x07, 0xcd, 0x09, 0xcc, 0x09, 0x89, 0x0a,
  0x86, 0x0a, 0x87, 0x0a, 0xba, 0x07, 0xb9, 0x07, 0x88, 0x0a, 0x18, 0x76,
  0x69, 0x6c, 0x6c, 0x61, 0x67, 0x65, 0x72, 0x5f, 0x70, 0x6c, 0x61, 0x6e,
  0x74, 0x61, 0x62, 0x6c, 0x65, 0x5f, 0x73, 0x65, 0x65, 0x64, 0x73, 0x06,
  0xb8, 0x07, 0xcd, 0x09, 0xcc, 0x09, 0x89, 0x0a, 0x86, 0x0a, 0x87, 0x0a,
  0x05, 0x77, 0x61, 0x6c, 0x6c, 0x73, 0x1a, 0xc9, 0x03, 0xca, 0x03, 0xcb,
  0x03, 0xcc, 0x03, 0xcd, 0x03, 0xce, 0x03, 0xcf, 0x03, 0xd0, 0x03, 0xd2,
  0x03, 0xd3, 0x03, 0xd4, 0x03, 0xd5, 0x03, 0xd6, 0x03, 0xd7, 0x03, 0xd8,
  0x03, 0xda, 0x03, 0xd9, 0x03, 0xdb, 0x03, 0xdc, 0x03, 0xde, 0x03, 0xdd,
  0x03, 0xd1, 0x03, 0x0f, 0x14, 0x18, 0xa2, 0x03, 0x0c, 0x77, 0x61, 0x72,
  0x70, 0x65, 0x64, 0x5f, 0x73, 0x74, 0x65, 0x6d, 0x73, 0x04, 0x92, 0x01,
  0x9e, 0x01, 0xb5, 0x01, 0xa9, 0x01, 0x0b, 0x77, 0x61, 0x72, 0x74, 0x5f,
  0x62, 0x6c, 0x6f, 0x63, 0x6b, 0x73, 0x02, 0xc1, 0x04, 0xc2, 0x04, 0x20,
  0x77, 0x69, 0x74, 0x68, 0x65, 0x72, 0x5f, 0x73, 0x6b, 0x65, 0x6c, 0x65,
  0x74, 0x6f, 0x6e, 0x5f, 0x64, 0x69, 0x73, 0x6c, 0x69, 0x6b, 0x65, 0x64,
  0x5f, 0x77, 0x65, 0x61, 0x70, 0x6f, 0x6e, 0x73, 0x02, 0xff, 0x06, 0xbc,
  0x0a, 0x10, 0x77, 0x6f, 0x6c, 0x66, 0x5f, 0x63, 0x6f, 0x6c, 0x6c, 0x61,
  0x72, 0x5f, 0x64, 0x79, 0x65, 0x73, 0x10, 0xab, 0x08, 0xac, 0x08, 0xad,
  0x08, 0xae, 0x08, 0xaf, 0x08, 0xb0, 0x08, 0xb1, 0x08, 0xb2, 0x08, 0xb3,
  0x08, 0xb4, 0x08, 0xb5, 0x08, 0xb6, 0x08, 0xb7, 0x08, 0xb8, 0x08, 0xb9,
  0x08, 0xba, 0x08, 0x09, 0x77, 0x6f, 0x6c, 0x66, 0x5f, 0x66, 0x6f, 0x6f,
  0x64, 0x12, 0xd7, 0x08, 0xd9, 0x08, 0xd8, 0x08, 0xda, 0x08, 0xf2, 0x09,
  0xd9, 0x07, 0xe3, 0x09, 0xf1, 0x09, 0xd8, 0x07, 0xe2, 0x09, 0xdb, 0x08,
  0xa2, 0x08, 0xa6, 0x08, 0xa3, 0x08, 0xa7, 0x08, 0xa4, 0x08, 0xa5, 0x08,
  0xe4, 0x09, 0x0e, 0x77, 0x6f, 0x6f, 0x64, 0x65, 0x6e, 0x5f, 0x62, 0x75,
  0x74, 0x74, 0x6f, 0x6e, 0x73, 0x0c, 0xf0, 0x05, 0xf1, 0x05, 0xf2, 0x05,
  0xf3, 0x05, 0xf4, 0x05, 0xf6, 0x05, 0xf7, 0x05, 0xfa, 0x05, 0xfb, 0x05,
  0xf8, 0x05, 0xf9, 0x05, 0xf5, 0x05, 0x0c, 0x77, 0x6f, 0x6f, 0x64, 0x65,
  0x6e, 0x5f, 0x64, 0x6f, 0x6f, 0x72, 0x73, 0x0c, 0x8d, 0x06, 0x8e, 0x06,
  0x8f, 0x06, 0x90, 0x06, 0x91, 0x06, 0x93, 0x06, 0x94, 0x06, 0x97, 0x06,
  0x98, 0x06, 0x95, 0x06, 0x96, 0x06, 0x92, 0x06, 0x0d, 0x77, 0x6f, 0x6f,
  0x64, 0x65, 0x6e, 0x5f, 0x66, 0x65, 0x6e, 0x63, 0x65, 0x73, 0x0c, 0xd9,
  0x02, 0xdd, 0x02, 0xdf, 0x02, 0xe0, 0x02, 0xda, 0x02, 0xdb, 0x02, 0xdc,
  0x02, 0xe3, 0x02, 0xe4, 0x02, 0xe1, 0x02, 0xe2, 0x02, 0xde, 0x02, 0x16,
  0x77, 0x6f, 0x6f, 0x64, 0x65, 0x6e, 0x5f, 0x70, 0x72, 0x65, 0x73, 0x73,
  0x75, 0x72, 0x65, 0x5f, 0x70, 0x6c, 0x61, 0x74, 0x65, 0x73, 0x0c, 0x80,
  0x06, 0x81, 0x06, 0x82, 0x06, 0x83, 0x06, 0x84, 0x06, 0x86, 0x06, 0x87,
  0x06, 0x8a, 0x06, 0x8b, 0x06, 0x88, 0x06, 0x89, 0x06, 0x85, 0x06, 0x0e,
  0x77, 0x6f, 0x6f, 0x64, 0x65, 0x6e, 0x5f, 0x73, 0x68, 0x65, 0x6c, 0x76,
  0x65, 0x73, 0x0c, 0xb2, 0x02, 0xb3, 0x02, 0xb4, 0x02, 0xb5, 0x02, 0xb6,
  0x02, 0xb7, 0x02, 0xb8, 0x02, 0xb9, 0x02, 0xba, 0x02, 0xbb, 0x02, 0xbc,
  0x02, 0xbd, 0x02, 0x0c, 0x77, 0x6f, 0x6f, 0x64, 0x65, 0x6e, 0x5f, 0x73,
  0x6c, 0x61, 0x62, 0x73, 0x0c, 0x8f, 0x02, 0x90, 0x02, 0x91, 0x02, 0x92,
  0x02, 0x93, 0x02, 0x95, 0x02, 0x96, 0x02, 0x9a, 0x02, 0x9b, 0x02, 0x97,
  0x02, 0x98, 0x02, 0x94, 0x02, 0x0d, 0x77, 0x6f, 0x6f, 0x64, 0x65, 0x6e,
  0x5f, 0x73, 0x74, 0x61, 0x69, 0x72, 0x73, 0x0c, 0xba, 0x03, 0xbb, 0x03,
  0xbc, 0x03, 0xbd, 0x03, 0xbe, 0x03, 0xc0, 0x03, 0xc1, 0x03, 0xc5, 0x03,
  0xc6, 0x03, 0xc2, 0x03, 0xc3, 0x03, 0xbf, 0x03, 0x15, 0x77, 0x6f, 0x6f,
  0x64, 0x65, 0x6e, 0x5f, 0x74, 0x6f, 0x6f, 0x6c, 0x5f, 0x6d, 0x61, 0x74,
  0x65, 0x72, 0x69, 0x61, 0x6c, 0x73, 0x0c, 0x24, 0x25, 0x26, 0x27, 0x28,
  0x2a, 0x2b, 0x2e, 0x2f, 0x2c, 0x2d, 0x29, 0x10, 0x77, 0x6f, 0x6f, 0x64,
  0x65, 0x6e, 0x5f, 0x74, 0x72, 0x61, 0x70, 0x64, 0x6f, 0x6f, 0x72, 0x73,
  0x0c, 0xa6, 0x06, 0xa4, 0x06, 0xa8, 0x06, 0xa9, 0x06, 0xa5, 0x06, 0xa2,
  0x06, 0xa3, 0x06, 0xac, 0x06, 0xad, 0x06, 0xaa, 0x06, 0xab, 0x06, 0xa7,
  0x06, 0x04, 0x77, 0x6f, 0x6f, 0x6c, 0x10, 0xd5, 0x01, 0xd6, 0x01, 0xd7,
  0x01, 0xd8, 0x01, 0xd9, 0x01, 0xda, 0x01, 0xdb, 0x01, 0xdc, 0x01, 0xdd,
  0x01, 0xde, 0x01, 0xdf, 0x01, 0xe0, 0x01, 0xe1, 0x01, 0xe2, 0x01, 0xe3,
  0x01, 0xe4, 0x01, 0x0c, 0x77, 0x6f, 0x6f, 0x6c, 0x5f, 0x63, 0x61, 0x72,
  0x70, 0x65, 0x74, 0x73, 0x10, 0xfa, 0x03, 0xfb, 0x03, 0xfc, 0x03, 0xfd,
  0x03, 0xfe, 0x03, 0xff, 0x03, 0x80, 0x04, 0x81, 0x04, 0x82, 0x04, 0x83,
  0x04, 0x84, 0x04, 0x85, 0x04, 0x86, 0x04, 0x87, 0x04, 0x88, 0x04, 0x89,
  0x04, 0x11, 0x7a, 0x6f, 0x6d, 0x62, 0x69, 0x65, 0x5f, 0x68, 0x6f, 0x72,
  0x73, 0x65, 0x5f, 0x66, 0x6f, 0x6f, 0x64, 0x01, 0xf9, 0x01, 0x10, 0x70,
  0x61, 0x69, 0x6e, 0x74, 0x69, 0x6e, 0x67, 0x5f, 0x76, 0x61, 0x72, 0x69,
  0x61, 0x6e, 0x74, 0x01, 0x09, 0x70, 0x6c, 0x61, 0x63, 0x65, 0x61, 0x62,
  0x6c, 0x65, 0x2f, 0x18, 0x01, 0x00, 0x02, 0x05, 0x20, 0x2f, 0x23, 0x0c,
  0x25, 0x2a, 0x0d, 0x2e, 0x16, 0x1a, 0x08, 0x28, 0x2d, 0x27, 0x32, 0x13,
  0x21, 0x1f, 0x07, 0x26, 0x0f, 0x04, 0x17, 0x1b, 0x24, 0x2c, 0x03, 0x06,
  0x09, 0x0a, 0x0b, 0x11, 0x12, 0x14, 0x19, 0x1c, 0x1d, 0x1e, 0x22, 0x29,
  0x2b, 0x0e, 0x16, 0x70, 0x6f, 0x69, 0x6e, 0x74, 0x5f, 0x6f, 0x66, 0x5f,
  0x69, 0x6e, 0x74, 0x65, 0x72, 0x65, 0x73, 0x74, 0x5f, 0x74, 0x79, 0x70,
  0x65, 0x03, 0x13, 0x61, 0x63, 0x71, 0x75, 0x69, 0x72, 0x61, 0x62, 0x6c,
  0x65, 0x5f, 0x6a, 0x6f, 0x62, 0x5f, 0x73, 0x69, 0x74, 0x65, 0x0d, 0x00,
  0x01, 0x02, 0x03, 0x04, 0x05, 0x06, 0x07, 0x08, 0x09, 0x0a, 0x0b, 0x0c,
  0x08, 0x62, 0x65, 0x65, 0x5f, 0x68, 0x6f, 0x6d, 0x65, 0x02, 0x0f, 0x10,
  0x07, 0x76, 0x69, 0x6c, 0x6c, 0x61, 0x67, 0x65, 0x0f, 0x00, 0x01, 0x02,
  0x03, 0x04, 0x05, 0x06, 0x07, 0x08, 0x09, 0x0a, 0x0b, 0x0c, 0x0d, 0x0e,
  0x06, 0x70, 0x6f, 0x74, 0x69, 0x6f, 0x6e, 0x01, 0x09, 0x74, 0x72, 0x61,
  0x64, 0x65, 0x61, 0x62, 0x6c, 0x65, 0x29, 0x2a, 0x2c, 0x2d, 0x2b, 0x04,
  0x05, 0x06, 0x07, 0x0b, 0x0c, 0x08, 0x09, 0x0a, 0x10, 0x11, 0x12, 0x13,
  0x14, 0x15, 0x0d, 0x0e, 0x0f, 0x16, 0x17, 0x18, 0x19, 0x1a, 0x1b, 0x1c,
  0x1d, 0x1e, 0x1f, 0x20, 0x21, 0x22, 0x23, 0x24, 0x25, 0x26, 0x28, 0x29,
  0x08, 0x74, 0x69, 0x6d, 0x65, 0x6c, 0x69, 0x6e, 0x65, 0x04, 0x06, 0x69,
  0x6e, 0x5f, 0x65, 0x6e, 0x64, 0x01, 0x03, 0x09, 0x69, 0x6e, 0x5f, 0x6e,
  0x65, 0x74, 0x68, 0x65, 0x72, 0x01, 0x03, 0x0c, 0x69, 0x6e, 0x5f, 0x6f,
  0x76, 0x65, 0x72, 0x77, 0x6f, 0x72, 0x6c, 0x64, 0x04, 0x03, 0x00, 0x02,
  0x01, 0x09, 0x75, 0x6e, 0x69, 0x76, 0x65, 0x72, 0x73, 0x61, 0x6c, 0x01,
  0x03, 0x0e, 0x77, 0x6f, 0x72, 0x6c, 0x64, 0x67, 0x65, 0x6e, 0x2f, 0x62,
  0x69, 0x6f, 0x6d, 0x65, 0x44, 0x1b, 0x61, 0x6c, 0x6c, 0x6f, 0x77, 0x73,
  0x5f, 0x73, 0x75, 0x72, 0x66, 0x61, 0x63, 0x65, 0x5f, 0x73, 0x6c, 0x69,
  0x6d, 0x65, 0x5f, 0x73, 0x70, 0x61, 0x77, 0x6e, 0x73, 0x02, 0x36, 0x1f,
  0x29, 0x61, 0x6c, 0x6c, 0x6f, 0x77, 0x73, 0x5f, 0x74, 0x72, 0x6f, 0x70,
  0x69, 0x63, 0x61, 0x6c, 0x5f, 0x66, 0x69, 0x73, 0x68, 0x5f, 0x73, 0x70,
  0x61, 0x77, 0x6e, 0x73, 0x5f, 0x61, 0x74, 0x5f, 0x61, 0x6e, 0x79, 0x5f,
  0x68, 0x65, 0x69, 0x67, 0x68, 0x74, 0x01, 0x1e, 0x1a, 0x68, 0x61, 0x73,
  0x5f, 0x73, 0x74, 0x72, 0x75, 0x63, 0x74, 0x75, 0x72, 0x65, 0x2f, 0x61,
  0x6e, 0x63, 0x69, 0x65, 0x6e, 0x74, 0x5f, 0x63, 0x69, 0x74, 0x79, 0x01,
  0x0a, 0x1d, 0x68, 0x61, 0x73, 0x5f, 0x73, 0x74, 0x72, 0x75, 0x63, 0x74,
  0x75, 0x72, 0x65, 0x2f, 0x62, 0x61, 0x73, 0x74, 0x69, 0x6f, 0x6e, 0x5f,
  0x72, 0x65, 0x6d, 0x6e, 0x61, 0x6e, 0x74, 0x04, 0x07, 0x22, 0x31, 0x3b,
  0x1d, 0x68, 0x61, 0x73, 0x5f, 0x73, 0x74, 0x72, 0x75, 0x63, 0x74, 0x75,
  0x72, 0x65, 0x2f, 0x62, 0x75, 0x72, 0x69, 0x65, 0x64, 0x5f, 0x74, 0x72,
  0x65, 0x61, 0x73, 0x75, 0x72, 0x65, 0x02, 0x03, 0x2d, 0x1c, 0x68, 0x61,
  0x73, 0x5f, 0x73, 0x74, 0x72, 0x75, 0x63, 0x74, 0x75, 0x72, 0x65, 0x2f,
  0x64, 0x65, 0x73, 0x65, 0x72, 0x74, 0x5f, 0x70, 0x79, 0x72, 0x61, 0x6d,
  0x69, 0x64, 0x01, 0x0e, 0x16, 0x68, 0x61, 0x73, 0x5f, 0x73, 0x74, 0x72,
  0x75, 0x63, 0x74, 0x75, 0x72, 0x65, 0x2f, 0x65, 0x6e, 0x64, 0x5f, 0x63,
  0x69, 0x74, 0x79, 0x02, 0x11, 0x12, 0x13, 0x68, 0x61, 0x73, 0x5f, 0x73,
  0x74, 0x72, 0x75, 0x63, 0x74, 0x75, 0x72, 0x65, 0x2f, 0x69, 0x67, 0x6c,
  0x6f, 0x6f, 0x03, 0x30, 0x2e, 0x2f, 0x1b, 0x68, 0x61, 0x73, 0x5f, 0x73,
  0x74, 0x72, 0x75, 0x63, 0x74, 0x75, 0x72, 0x65, 0x2f, 0x6a, 0x75, 0x6e,
  0x67, 0x6c, 0x65, 0x5f, 0x74, 0x65, 0x6d, 0x70, 0x6c, 0x65, 0x02, 0x01,
  0x1c, 0x17, 0x68, 0x61, 0x73, 0x5f, 0x73, 0x74, 0x72, 0x75, 0x63, 0x74,
  0x75, 0x72, 0x65, 0x2f, 0x6d, 0x69, 0x6e, 0x65, 0x73, 0x68, 0x61, 0x66,
  0x74, 0x32, 0x0b, 0x09, 0x0d, 0x0c, 0x16, 0x23, 0x06, 0x1d, 0x3a, 0x29,
  0x18, 0x03, 0x2d, 0x20, 0x17, 0x1b, 0x33, 0x2f, 0x05, 0x3e, 0x3c, 0x3d,
  0x37, 0x30, 0x25, 0x26, 0x01, 0x1c, 0x32, 0x15, 0x14, 0x04, 0x24, 0x08,
  0x27, 0x19, 0x34, 0x21, 0x1a, 0x3f, 0x0e, 0x2a, 0x2e, 0x28, 0x35, 0x36,
  0x1f, 0x2b, 0x0f, 0x1e, 0x1c, 0x68, 0x61, 0x73, 0x5f, 0x73, 0x74, 0x72,
  0x75, 0x63, 0x74, 0x75, 0x72, 0x65, 0x2f, 0x6d, 0x69, 0x6e, 0x65, 0x73,
  0x68, 0x61, 0x66, 0x74, 0x5f, 0x6d, 0x65, 0x73, 0x61, 0x03, 0x00, 0x13,
  0x40, 0x1d, 0x68, 0x61, 0x73, 0x5f, 0x73, 0x74, 0x72, 0x75, 0x63, 0x74,
  0x75, 0x72, 0x65, 0x2f, 0x6e, 0x65, 0x74, 0x68, 0x65, 0x72, 0x5f, 0x66,
  0x6f, 0x72, 0x74, 0x72, 0x65, 0x73, 0x73, 0x05, 0x22, 0x31, 0x07, 0x3b,
  0x02, 0x1b, 0x68, 0x61, 0x73, 0x5f, 0x73, 0x74, 0x72, 0x75, 0x63, 0x74,
  0x75, 0x72, 0x65, 0x2f, 0x6e, 0x65, 0x74, 0x68, 0x65, 0x72, 0x5f, 0x66,
  0x6f, 0x73, 0x73, 0x69, 0x6c, 0x01, 0x31, 0x1c, 0x68, 0x61, 0x73, 0x5f,
  0x73, 0x74, 0x72, 0x75, 0x63, 0x74, 0x75, 0x72, 0x65, 0x2f, 0x6f, 0x63,
  0x65, 0x61, 0x6e, 0x5f, 0x6d, 0x6f, 0x6e, 0x75, 0x6d, 0x65, 0x6e, 0x74,
  0x04, 0x0b, 0x09, 0x0d, 0x0c, 0x1d, 0x68, 0x61, 0x73, 0x5f, 0x73, 0x74,
  0x72, 0x75, 0x63, 0x74, 0x75, 0x72, 0x65, 0x2f, 0x6f, 0x63, 0x65, 0x61,
  0x6e, 0x5f, 0x72, 0x75, 0x69, 0x6e, 0x5f, 0x63, 0x6f, 0x6c, 0x64, 0x06,
  0x16, 0x06, 0x23, 0x0b, 0x09, 0x0d, 0x1d, 0x68, 0x61, 0x73, 0x5f, 0x73,
  0x74, 0x72, 0x75, 0x63, 0x74, 0x75, 0x72, 0x65, 0x2f, 0x6f, 0x63, 0x65,
  0x61, 0x6e, 0x5f, 0x72, 0x75, 0x69, 0x6e, 0x5f, 0x77, 0x61, 0x72, 0x6d,
  0x03, 0x1d, 0x3a, 0x0c, 0x1e, 0x68, 0x61, 0x73, 0x5f, 0x73, 0x74, 0x72,
  0x75, 0x63, 0x74, 0x75, 0x72, 0x65, 0x2f, 0x70, 0x69, 0x6c, 0x6c, 0x61,
  0x67, 0x65, 0x72, 0x5f, 0x6f, 0x75, 0x74, 0x70, 0x6f, 0x73, 0x74, 0x0c,
  0x0e, 0x28, 0x2a, 0x2e, 0x37, 0x20, 0x17, 0x1b, 0x33, 0x2f, 0x05, 0x19,
  0x22, 0x68, 0x61, 0x73, 0x5f, 0x73, 0x74, 0x72, 0x75, 0x63, 0x74, 0x75,
  0x72, 0x65, 0x2f, 0x72, 0x75, 0x69, 0x6e, 0x65, 0x64, 0x5f, 0x70, 0x6f,
  0x72, 0x74, 0x61, 0x6c, 0x5f, 0x64, 0x65, 0x73, 0x65, 0x72, 0x74, 0x01,
  0x0e, 0x22, 0x68, 0x61, 0x73, 0x5f, 0x73, 0x74, 0x72, 0x75, 0x63, 0x74,
  0x75, 0x72, 0x65, 0x2f, 0x72, 0x75, 0x69, 0x6e, 0x65, 0x64, 0x5f, 0x70,
  0x6f, 0x72, 0x74, 0x61, 0x6c, 0x5f, 0x6a, 0x75, 0x6e, 0x67, 0x6c, 0x65,
  0x03, 0x01, 0x1c, 0x32, 0x24, 0x68, 0x61, 0x73, 0x5f, 0x73, 0x74, 0x72,
  0x75, 0x63, 0x74, 0x75, 0x72, 0x65, 0x2f, 0x72, 0x75, 0x69, 0x6e, 0x65,
  0x64, 0x5f, 0x70, 0x6f, 0x72, 0x74, 0x61, 0x6c, 0x5f, 0x6d, 0x6f, 0x75,
  0x6e, 0x74, 0x61, 0x69, 0x6e, 0x0f, 0x00, 0x13, 0x40, 0x3e, 0x3c, 0x3d,
  0x2b, 0x3f, 0x34, 0x20, 0x17, 0x1b, 0x33, 0x2f, 0x05, 0x22, 0x68, 0x61,
  0x73, 0x5f, 0x73, 0x74, 0x72, 0x75, 0x63, 0x74, 0x75, 0x72, 0x65, 0x2f,
  0x72, 0x75, 0x69, 0x6e, 0x65, 0x64, 0x5f, 0x70, 0x6f, 0x72, 0x74, 0x61,
  0x6c, 0x5f, 0x6e, 0x65, 0x74, 0x68, 0x65, 0x72, 0x05, 0x22, 0x31, 0x07,
  0x3b, 0x02, 0x21, 0x68, 0x61, 0x73, 0x5f, 0x73, 0x74, 0x72, 0x75, 0x63,
  0x74, 0x75, 0x72, 0x65, 0x2f, 0x72, 0x75, 0x69, 0x6e, 0x65, 0x64, 0x5f,
  0x70, 0x6f, 0x72, 0x74, 0x61, 0x6c, 0x5f, 0x6f, 0x63, 0x65, 0x61, 0x6e,
  0x09, 0x0b, 0x09, 0x0d, 0x0c, 0x16, 0x23, 0x06, 0x1d, 0x3a, 0x24, 0x68,
  0x61, 0x73, 0x5f, 0x73, 0x74, 0x72, 0x75, 0x63, 0x74, 0x75, 0x72, 0x65,
  0x2f, 0x72, 0x75, 0x69, 0x6e, 0x65, 0x64, 0x5f, 0x70, 0x6f, 0x72, 0x74,
  0x61, 0x6c, 0x5f, 0x73, 0x74, 0x61, 0x6e, 0x64, 0x61, 0x72, 0x64, 0x17,
  0x03, 0x2d, 0x29, 0x18, 0x37, 0x30, 0x25, 0x26, 0x15, 0x14, 0x04, 0x24,
  0x08, 0x27, 0x19, 0x21, 0x1a, 0x0f, 0x1e, 0x2a, 0x2e, 0x28, 0x35, 0x21,
  0x68, 0x61, 0x73, 0x5f, 0x73, 0x74, 0x72, 0x75, 0x63, 0x74, 0x75, 0x72,
  0x65, 0x2f, 0x72, 0x75, 0x69, 0x6e, 0x65, 0x64, 0x5f, 0x70, 0x6f, 0x72,
  0x74, 0x61, 0x6c, 0x5f, 0x73, 0x77, 0x61, 0x6d, 0x70, 0x02, 0x36, 0x1f,
  0x17, 0x68, 0x61, 0x73, 0x5f, 0x73, 0x74, 0x72, 0x75, 0x63, 0x74, 0x75,
  0x72, 0x65, 0x2f, 0x73, 0x68, 0x69, 0x70, 0x77, 0x72, 0x65, 0x63, 0x6b,
  0x09, 0x0b, 0x09, 0x0d, 0x0c, 0x16, 0x23, 0x06, 0x1d, 0x3a, 0x1f, 0x68,
  0x61, 0x73, 0x5f, 0x73, 0x74, 0x72, 0x75, 0x63, 0x74, 0x75, 0x72, 0x65,
  0x2f, 0x73, 0x68, 0x69, 0x70, 0x77, 0x72, 0x65, 0x63, 0x6b, 0x5f, 0x62,
  0x65, 0x61, 0x63, 0x68, 0x65, 0x64, 0x02, 0x03, 0x2d, 0x18, 0x68, 0x61,
  0x73, 0x5f, 0x73, 0x74, 0x72, 0x75, 0x63, 0x74, 0x75, 0x72, 0x65, 0x2f,
  0x73, 0x74, 0x72, 0x6f, 0x6e, 0x67, 0x68, 0x6f, 0x6c, 0x64, 0x36, 0x21,
  0x0b, 0x16, 0x09, 0x06, 0x0d, 0x23, 0x0c, 0x1d, 0x3a, 0x34, 0x36, 0x1f,
  0x2f, 0x2e, 0x2d, 0x3d, 0x19, 0x3e, 0x30, 0x3c, 0x37, 0x28, 0x20, 0x03,
  0x15, 0x26, 0x14, 0x04, 0x08, 0x27, 0x2b, 0x2a, 0x1c, 0x00, 0x0e, 0x40,
  0x1b, 0x33, 0x18, 0x29, 0x1a, 0x25, 0x35, 0x24, 0x32, 0x01, 0x13, 0x3f,
  0x05, 0x17, 0x0f, 0x1e, 0x0a, 0x17, 0x68, 0x61, 0x73, 0x5f, 0x73, 0x74,
  0x72, 0x75, 0x63, 0x74, 0x75, 0x72, 0x65, 0x2f, 0x73, 0x77, 0x61, 0x6d,
  0x70, 0x5f, 0x68, 0x75, 0x74, 0x01, 0x36, 0x19, 0x68, 0x61, 0x73, 0x5f,
  0x73, 0x74, 0x72, 0x75, 0x63, 0x74, 0x75, 0x72, 0x65, 0x2f, 0x74, 0x72,
  0x61, 0x69, 0x6c, 0x5f, 0x72, 0x75, 0x69, 0x6e, 0x73, 0x06, 0x37, 0x30,
  0x25, 0x26, 0x24, 0x1c, 0x1c, 0x68, 0x61, 0x73, 0x5f, 0x73, 0x74, 0x72,
  0x75, 0x63, 0x74, 0x75, 0x72, 0x65, 0x2f, 0x74, 0x72, 0x69, 0x61, 0x6c,
  0x5f, 0x63, 0x68, 0x61, 0x6d, 0x62, 0x65, 0x72, 0x73, 0x35, 0x21, 0x0b,
  0x16, 0x09, 0x06, 0x0d, 0x23, 0x0c, 0x1d, 0x3a, 0x34, 0x36, 0x1f, 0x2f,
  0x2e, 0x2d, 0x3d, 0x19, 0x3e, 0x30, 0x3c, 0x37, 0x28, 0x20, 0x03, 0x15,
  0x26, 0x14, 0x04, 0x08, 0x27, 0x2b, 0x2a, 0x1c, 0x00, 0x0e, 0x40, 0x1b,
  0x33, 0x18, 0x29, 0x1a, 0x25, 0x35, 0x24, 0x32, 0x01, 0x13, 0x3f, 0x05,
  0x17, 0x0f, 0x1e, 0x1c, 0x68, 0x61, 0x73, 0x5f, 0x73, 0x74, 0x72, 0x75,
  0x63, 0x74, 0x75, 0x72, 0x65, 0x2f, 0x76, 0x69, 0x6c, 0x6c, 0x61, 0x67,
  0x65, 0x5f, 0x64, 0x65, 0x73, 0x65, 0x72, 0x74, 0x01, 0x0e, 0x1c, 0x68,
  0x61, 0x73, 0x5f, 0x73, 0x74, 0x72, 0x75, 0x63, 0x74, 0x75, 0x72, 0x65,
  0x2f, 0x76, 0x69, 0x6c, 0x6c, 0x61, 0x67, 0x65, 0x5f, 0x70, 0x6c, 0x61,
  0x69, 0x6e, 0x73, 0x02, 0x28, 0x20, 0x1d, 0x68, 0x61, 0x73, 0x5f, 0x73,
  0x74, 0x72, 0x75, 0x63, 0x74, 0x75, 0x72, 0x65, 0x2f, 0x76, 0x69, 0x6c,
  0x6c, 0x61, 0x67, 0x65, 0x5f, 0x73, 0x61, 0x76, 0x61, 0x6e, 0x6e, 0x61,
  0x01, 0x2a, 0x1b, 0x68, 0x61, 0x73, 0x5f, 0x73, 0x74, 0x72, 0x75, 0x63,
  0x74, 0x75, 0x72, 0x65, 0x2f, 0x76, 0x69, 0x6c, 0x6c, 0x61, 0x67, 0x65,
  0x5f, 0x73, 0x6e, 0x6f, 0x77, 0x79, 0x01, 0x2e, 0x1b, 0x68, 0x61, 0x73,
  0x5f, 0x73, 0x74, 0x72, 0x75, 0x63, 0x74, 0x75, 0x72, 0x65, 0x2f, 0x76,
  0x69, 0x6c, 0x6c, 0x61, 0x67, 0x65, 0x5f, 0x74, 0x61, 0x69, 0x67, 0x61,
  0x01, 0x37, 0x1e, 0x68, 0x61, 0x73, 0x5f, 0x73, 0x74, 0x72, 0x75, 0x63,
  0x74, 0x75, 0x72, 0x65, 0x2f, 0x77, 0x6f, 0x6f, 0x64, 0x6c, 0x61, 0x6e,
  0x64, 0x5f, 0x6d, 0x61, 0x6e, 0x73, 0x69, 0x6f, 0x6e, 0x02, 0x08, 0x27,
  0x0b, 0x69, 0x73, 0x5f, 0x62, 0x61, 0x64, 0x6c, 0x61, 0x6e, 0x64, 0x73,
  0x03, 0x00, 0x13, 0x40, 0x08, 0x69, 0x73, 0x5f, 0x62, 0x65, 0x61, 0x63,
  0x68, 0x02, 0x03, 0x2d, 0x0d, 0x69, 0x73, 0x5f, 0x64, 0x65, 0x65, 0x70,
  0x5f, 0x6f, 0x63, 0x65, 0x61, 0x6e, 0x04, 0x0b, 0x09, 0x0d, 0x0c, 0x06,
  0x69, 0x73, 0x5f, 0x65, 0x6e, 0x64, 0x05, 0x38, 0x11, 0x12, 0x2c, 0x10,
  0x09, 0x69, 0x73, 0x5f, 0x66, 0x6f, 0x72, 0x65, 0x73, 0x74, 0x07, 0x15,
  0x14, 0x04, 0x24, 0x08, 0x27, 0x19, 0x07, 0x69, 0x73, 0x5f, 0x68, 0x69,
  0x6c, 0x6c, 0x03, 0x3e, 0x3c, 0x3d, 0x09, 0x69, 0x73, 0x5f, 0x6a, 0x75,
  0x6e, 0x67, 0x6c, 0x65, 0x03, 0x01, 0x1c, 0x32, 0x0b, 0x69, 0x73, 0x5f,
  0x6d, 0x6f, 0x75, 0x6e, 0x74, 0x61, 0x69, 0x6e, 0x06, 0x20, 0x17, 0x1b,
  0x33, 0x2f, 0x05, 0x09, 0x69, 0x73, 0x5f, 0x6e, 0x65, 0x74, 0x68, 0x65,
  0x72, 0x05, 0x22, 0x31, 0x07, 0x3b, 0x02, 0x08, 0x69, 0x73, 0x5f, 0x6f,
  0x63, 0x65, 0x61, 0x6e, 0x09, 0x0b, 0x09, 0x0d, 0x0c, 0x16, 0x23, 0x06,
  0x1d, 0x3a, 0x0c, 0x69, 0x73, 0x5f, 0x6f, 0x76, 0x65, 0x72, 0x77, 0x6f,
  0x72, 0x6c, 0x64, 0x36, 0x21, 0x0b, 0x16, 0x09, 0x06, 0x0d, 0x23, 0x0c,
  0x1d, 0x3a, 0x34, 0x36, 0x1f, 0x2f, 0x2e, 0x2d, 0x3d, 0x19, 0x3e, 0x30,
  0x3c, 0x37, 0x28, 0x20, 0x03, 0x15, 0x26, 0x14, 0x04, 0x08, 0x27, 0x2b,
  0x2a, 0x1c, 0x00, 0x0e, 0x40, 0x1b, 0x33, 0x18, 0x29, 0x1a, 0x25, 0x35,
  0x24, 0x32, 0x01, 0x13, 0x3f, 0x05, 0x17, 0x0f, 0x1e, 0x0a, 0x08, 0x69,
  0x73, 0x5f, 0x72, 0x69, 0x76, 0x65, 0x72, 0x02, 0x29, 0x18, 0x0a, 0x69,
  0x73, 0x5f, 0x73, 0x61, 0x76, 0x61, 0x6e, 0x6e, 0x61, 0x03, 0x2a, 0x2b,
  0x3f, 0x08, 0x69, 0x73, 0x5f, 0x74, 0x61, 0x69, 0x67, 0x61, 0x04, 0x37,
  0x30, 0x25, 0x26, 0x12, 0x6d, 0x69, 0x6e, 0x65, 0x73, 0x68, 0x61, 0x66,
  0x74, 0x5f, 0x62, 0x6c, 0x6f, 0x63, 0x6b, 0x69, 0x6e, 0x67, 0x01, 0x0a,
  0x1c, 0x6d, 0x6f, 0x72, 0x65, 0x5f, 0x66, 0x72, 0x65, 0x71, 0x75, 0x65,
  0x6e, 0x74, 0x5f, 0x64, 0x72, 0x6f, 0x77, 0x6e, 0x65, 0x64, 0x5f, 0x73,
  0x70, 0x61, 0x77, 0x6e, 0x73, 0x02, 0x29, 0x18, 0x25, 0x70, 0x6f, 0x6c,
  0x61, 0x72, 0x5f, 0x62, 0x65, 0x61, 0x72, 0x73, 0x5f, 0x73, 0x70, 0x61,
  0x77, 0x6e, 0x5f, 0x6f, 0x6e, 0x5f, 0x61, 0x6c, 0x74, 0x65, 0x72, 0x6e,
  0x61, 0x74, 0x65, 0x5f, 0x62, 0x6c, 0x6f, 0x63, 0x6b, 0x73, 0x02, 0x16,
  0x0b, 0x1d, 0x70, 0x72, 0x6f, 0x64, 0x75, 0x63, 0x65, 0x73, 0x5f, 0x63,
  0x6f, 0x72, 0x61, 0x6c, 0x73, 0x5f, 0x66, 0x72, 0x6f, 0x6d, 0x5f, 0x62,
  0x6f, 0x6e, 0x65, 0x6d, 0x65, 0x61, 0x6c, 0x01, 0x3a, 0x1b, 0x72, 0x65,
  0x64, 0x75, 0x63, 0x65, 0x5f, 0x77, 0x61, 0x74, 0x65, 0x72, 0x5f, 0x61,
  0x6d, 0x62, 0x69, 0x65, 0x6e, 0x74, 0x5f, 0x73, 0x70, 0x61, 0x77, 0x6e,
  0x73, 0x02, 0x29, 0x18, 0x23, 0x72, 0x65, 0x71, 0x75, 0x69, 0x72, 0x65,
  0x64, 0x5f, 0x6f, 0x63, 0x65, 0x61, 0x6e, 0x5f, 0x6d, 0x6f, 0x6e, 0x75,
  0x6d, 0x65, 0x6e, 0x74, 0x5f, 0x73, 0x75, 0x72, 0x72, 0x6f, 0x75, 0x6e,
  0x64, 0x69, 0x6e, 0x67, 0x0b, 0x0b, 0x09, 0x0d, 0x0c, 0x16, 0x23, 0x06,
  0x1d, 0x3a, 0x29, 0x18, 0x20, 0x73, 0x70, 0x61, 0x77, 0x6e, 0x73, 0x5f,
  0x63, 0x6f, 0x6c, 0x64, 0x5f, 0x76, 0x61, 0x72, 0x69, 0x61, 0x6e, 0x74,
  0x5f, 0x66, 0x61, 0x72, 0x6d, 0x5f, 0x61, 0x6e, 0x69, 0x6d, 0x61, 0x6c,
  0x73, 0x1a, 0x2e, 0x1a, 0x17, 0x1b, 0x2f, 0x16, 0x0b, 0x19, 0x0a, 0x18,
  0x30, 0x2d, 0x38, 0x11, 0x12, 0x2c, 0x10, 0x06, 0x09, 0x25, 0x26, 0x37,
  0x3c, 0x3d, 0x3e, 0x33, 0x19, 0x73, 0x70, 0x61, 0x77, 0x6e, 0x73, 0x5f,
  0x63, 0x6f, 0x6c, 0x64, 0x5f, 0x76, 0x61, 0x72, 0x69, 0x61, 0x6e, 0x74,
  0x5f, 0x66, 0x72, 0x6f, 0x67, 0x73, 0x11, 0x2e, 0x1a, 0x17, 0x1b, 0x2f,
  0x16, 0x0b, 0x19, 0x0a, 0x18, 0x30, 0x2d, 0x38, 0x11, 0x12, 0x2c, 0x10,
  0x24, 0x73, 0x70, 0x61, 0x77, 0x6e, 0x73, 0x5f, 0x63, 0x6f, 0x72, 0x61,
  0x6c, 0x5f, 0x76, 0x61, 0x72, 0x69, 0x61, 0x6e, 0x74, 0x5f, 0x7a, 0x6f,
  0x6d, 0x62, 0x69, 0x65, 0x5f, 0x6e, 0x61, 0x75, 0x74, 0x69, 0x6c, 0x75,
  0x73, 0x01, 0x3a, 0x13, 0x73, 0x70, 0x61, 0x77, 0x6e, 0x73, 0x5f, 0x67,
  0x6f, 0x6c, 0x64, 0x5f, 0x72, 0x61, 0x62, 0x62, 0x69, 0x74, 0x73, 0x01,
  0x0e, 0x11, 0x73, 0x70, 0x61, 0x77, 0x6e, 0x73, 0x5f, 0x73, 0x6e, 0x6f,
  0x77, 0x5f, 0x66, 0x6f, 0x78, 0x65, 0x73, 0x0a, 0x2e, 0x1a, 0x16, 0x30,
  0x18, 0x2d, 0x17, 0x1b, 0x2f, 0x19, 0x20, 0x73, 0x70, 0x61, 0x77, 0x6e,
  0x73, 0x5f, 0x77, 0x61, 0x72, 0x6d, 0x5f, 0x76, 0x61, 0x72, 0x69, 0x61,
  0x6e, 0x74, 0x5f, 0x66, 0x61, 0x72, 0x6d, 0x5f, 0x61, 0x6e, 0x69, 0x6d,
  0x61, 0x6c, 0x73, 0x13, 0x0e, 0x3a, 0x01, 0x1c, 0x32, 0x2a, 0x2b, 0x3f,
  0x22, 0x31, 0x07, 0x3b, 0x02, 0x00, 0x13, 0x40, 0x1f, 0x0c, 0x1d, 0x19,
  0x73, 0x70, 0x61, 0x77, 0x6e, 0x73, 0x5f, 0x77, 0x61, 0x72, 0x6d, 0x5f,
  0x76, 0x61, 0x72, 0x69, 0x61, 0x6e, 0x74, 0x5f, 0x66, 0x72, 0x6f, 0x67,
  0x73, 0x11, 0x0e, 0x3a, 0x01, 0x1c, 0x32, 0x2a, 0x2b, 0x3f, 0x22, 0x31,
  0x07, 0x3b, 0x02, 0x00, 0x13, 0x40, 0x1f, 0x14, 0x73, 0x70, 0x61, 0x77,
  0x6e, 0x73, 0x5f, 0x77, 0x68, 0x69, 0x74, 0x65, 0x5f, 0x72, 0x61, 0x62,
  0x62, 0x69, 0x74, 0x73, 0x0a, 0x2e, 0x1a, 0x16, 0x30, 0x18, 0x2d, 0x17,
  0x1b, 0x2f, 0x19, 0x14, 0x73, 0x74, 0x72, 0x6f, 0x6e, 0x67, 0x68, 0x6f,
  0x6c, 0x64, 0x5f, 0x62, 0x69, 0x61, 0x73, 0x65, 0x64, 0x5f, 0x74, 0x6f,
  0x25, 0x28, 0x35, 0x2e, 0x1a, 0x0e, 0x15, 0x14, 0x04, 0x08, 0x27, 0x24,
  0x25, 0x26, 0x37, 0x30, 0x2a, 0x2b, 0x3e, 0x3d, 0x3c, 0x3f, 0x1c, 0x32,
  0x01, 0x00, 0x13, 0x40, 0x20, 0x05, 0x19, 0x2f, 0x17, 0x1b, 0x33, 0x21,
  0x0f, 0x1e, 0x15, 0x77, 0x61, 0x74, 0x65, 0x72, 0x5f, 0x6f, 0x6e, 0x5f,
  0x6d, 0x61, 0x70, 0x5f, 0x6f, 0x75, 0x74, 0x6c, 0x69, 0x6e, 0x65, 0x73,
  0x0d, 0x0b, 0x09, 0x0d, 0x0c, 0x16, 0x23, 0x06, 0x1d, 0x3a, 0x29, 0x18,
  0x36, 0x1f, 0x1f, 0x77, 0x69, 0x74, 0x68, 0x6f, 0x75, 0x74, 0x5f, 0x77,
  0x61, 0x6e, 0x64, 0x65, 0x72, 0x69, 0x6e, 0x67, 0x5f, 0x74, 0x72, 0x61,
  0x64, 0x65, 0x72, 0x5f, 0x73, 0x70, 0x61, 0x77, 0x6e, 0x73, 0x01, 0x39,
  0x15, 0x77, 0x69, 0x74, 0x68, 0x6f, 0x75, 0x74, 0x5f, 0x7a, 0x6f, 0x6d,
  0x62, 0x69, 0x65, 0x5f, 0x73, 0x69, 0x65, 0x67, 0x65, 0x73, 0x01, 0x21
};

// 方块调色板
uint16_t block_palette[] = { 0, 86, 87, 88, 89, 90, 91, 92, 93, 102, 104, 106, 108, 8, 27922, 27813, 13333, 13399, 13429, 21743, 12913, 25313, 25309, 3988, 279, 1, 14, 578, 5328, 133, 131, 2339, 2338, 5309, 11311, 129, 6882, 5307, 6919, 6928, 2250, 2248, 3370, 8920, 29, 6929, 118, 5310, 10, 9, 137, 6927, 85, 2, 3, 4, 5, 6, 7, 11, 13, 15, 119, 123, 124, 125, 135, 193, 202, 226, 531, 559, 560, 561, 562, 563, 565, 567, 579, 580, 582, 1934, 1950, 1966, 1982, 1998, 2014, 2030, 2046, 2062, 2078, 2094, 2110, 2126, 2142, 2158, 2174, 2200, 2224, 2241, 2247, 2249, 2251, 2252, 2253, 2254, 2263, 2293, 2294, 2295, 2296, 2297, 2298, 2299, 2300, 2301, 2302, 2303, 2304, 2305, 2306, 2307, 2308, 2321, 2322, 2323, 2324, 2325, 2326, 2327, 2328, 2329, 2330, 2331, 2332, 2333, 2334, 2335, 2336, 2337, 2340, 2342, 2343, 2407, 3121, 3368, 3369, 3888, 3896, 3918, 5311, 5319, 5352, 5666, 5720, 5728, 5758, 5956, 6780, 6796, 6808, 6862, 6885, 6904, 6945, 6946, 6947, 6964, 6996, 6997, 6998, 6999, 7001, 7004, 7006, 7011, 7016, 7019, 7023, 7027, 7037, 7129, 7754, 7755, 7756, 7757, 7758, 7759, 7766, 7830, 7894, 7989, 8021, 8053, 8085, 8117, 8149, 8181, 8213, 8245, 8249, 8255, 8261, 8267, 8273, 8279, 8285, 8291, 8297, 8331, 8332, 8333, 8389, 8517, 8645, 8653, 8689, 8769, 8849, 8919, 8921, 8922, 8934, 9006, 9012, 9333, 9334, 9366, 9378, 9447, 9451, 9459, 9460, 9473, 9477, 9478, 9480, 9504, 9573, 9576, 9592, 9727, 9974, 9980, 9984, 10308, 10629, 10684, 10931, 10971, 11195, 11199, 11203, 11208, 11231, 11247 };
// VarInt 方块调色板缓冲
uint8_t network_block_palette[] = {
  0x00, 0x56, 0x57, 0x58, 0x59, 0x5a, 0x5b, 0x5c, 0x5d, 0x66, 0x68, 0x6a,
  0x6c, 0x08, 0x92, 0xda, 0x01, 0xa5, 0xd9, 0x01, 0x95, 0x68, 0xd7, 0x68,
  0xf5, 0x68, 0xef, 0xa9, 0x01, 0xf1, 0x64, 0xe1, 0xc5, 0x01, 0xdd, 0xc5,
  0x01, 0x94, 0x1f, 0x97, 0x02, 0x01, 0x0e, 0xc2, 0x04, 0xd0, 0x29, 0x85,
  0x01, 0x83, 0x01, 0xa3, 0x12, 0xa2, 0x12, 0xbd, 0x29, 0xaf, 0x58, 0x81,
  0x01, 0xe2, 0x35, 0xbb, 0x29, 0x87, 0x36, 0x90, 0x36, 0xca, 0x11, 0xc8,
  0x11, 0xaa, 0x1a, 0xd8, 0x45, 0x1d, 0x91, 0x36, 0x76, 0xbe, 0x29, 0x0a,
  0x09, 0x89, 0x01, 0x8f, 0x36, 0x55, 0x02, 0x03, 0x04, 0x05, 0x06, 0x07,
  0x0b, 0x0d, 0x0f, 0x77, 0x7b, 0x7c, 0x7d, 0x87, 0x01, 0xc1, 0x01, 0xca,
  0x01, 0xe2, 0x01, 0x93, 0x04, 0xaf, 0x04, 0xb0, 0x04, 0xb1, 0x04, 0xb2,
  0x04, 0xb3, 0x04, 0xb5, 0x04, 0xb7, 0x04, 0xc3, 0x04, 0xc4, 0x04, 0xc6,
  0x04, 0x8e, 0x0f, 0x9e, 0x0f, 0xae, 0x0f, 0xbe, 0x0f, 0xce, 0x0f, 0xde,
  0x0f, 0xee, 0x0f, 0xfe, 0x0f, 0x8e, 0x10, 0x9e, 0x10, 0xae, 0x10, 0xbe,
  0x10, 0xce, 0x10, 0xde, 0x10, 0xee, 0x10, 0xfe, 0x10, 0x98, 0x11, 0xb0,
  0x11, 0xc1, 0x11, 0xc7, 0x11, 0xc9, 0x11, 0xcb, 0x11, 0xcc, 0x11, 0xcd,
  0x11, 0xce, 0x11, 0xd7, 0x11, 0xf5, 0x11, 0xf6, 0x11, 0xf7, 0x11, 0xf8,
  0x11, 0xf9, 0x11, 0xfa, 0x11, 0xfb, 0x11, 0xfc, 0x11, 0xfd, 0x11, 0xfe,
  0x11, 0xff, 0x11, 0x80, 0x12, 0x81, 0x12, 0x82, 0x12, 0x83, 0x12, 0x84,
  0x12, 0x91, 0x12, 0x92, 0x12, 0x93, 0x12, 0x94, 0x12, 0x95, 0x12, 0x96,
  0x12, 0x97, 0x12, 0x98, 0x12, 0x99, 0x12, 0x9a, 0x12, 0x9b, 0x12, 0x9c,
  0x12, 0x9d, 0x12, 0x9e, 0x12, 0x9f, 0x12, 0xa0, 0x12, 0xa1, 0x12, 0xa4,
  0x12, 0xa6, 0x12, 0xa7, 0x12, 0xe7, 0x12, 0xb1, 0x18, 0xa8, 0x1a, 0xa9,
  0x1a, 0xb0, 0x1e, 0xb8, 0x1e, 0xce, 0x1e, 0xbf, 0x29, 0xc7, 0x29, 0xe8,
  0x29, 0xa2, 0x2c, 0xd8, 0x2c, 0xe0, 0x2c, 0xfe, 0x2c, 0xc4, 0x2e, 0xfc,
  0x34, 0x8c, 0x35, 0x98, 0x35, 0xce, 0x35, 0xe5, 0x35, 0xf8, 0x35, 0xa1,
  0x36, 0xa2, 0x36, 0xa3, 0x36, 0xb4, 0x36, 0xd4, 0x36, 0xd5, 0x36, 0xd6,
  0x36, 0xd7, 0x36, 0xd9, 0x36, 0xdc, 0x36, 0xde, 0x36, 0xe3, 0x36, 0xe8,
  0x36, 0xeb, 0x36, 0xef, 0x36, 0xf3, 0x36, 0xfd, 0x36, 0xd9, 0x37, 0xca,
  0x3c, 0xcb, 0x3c, 0xcc, 0x3c, 0xcd, 0x3c, 0xce, 0x3c, 0xcf, 0x3c, 0xd6,
  0x3c, 0x96, 0x3d, 0xd6, 0x3d, 0xb5, 0x3e, 0xd5, 0x3e, 0xf5, 0x3e, 0x95,
  0x3f, 0xb5, 0x3f, 0xd5, 0x3f, 0xf5, 0x3f, 0x95, 0x40, 0xb5, 0x40, 0xb9,
  0x40, 0xbf, 0x40, 0xc5, 0x40, 0xcb, 0x40, 0xd1, 0x40, 0xd7, 0x40, 0xdd,
  0x40, 0xe3, 0x40, 0xe9, 0x40, 0x8b, 0x41, 0x8c, 0x41, 0x8d, 0x41, 0xc5,
  0x41, 0xc5, 0x42, 0xc5, 0x43, 0xcd, 0x43, 0xf1, 0x43, 0xc1, 0x44, 0x91,
  0x45, 0xd7, 0x45, 0xd9, 0x45, 0xda, 0x45, 0xe6, 0x45, 0xae, 0x46, 0xb4,
  0x46, 0xf5, 0x48, 0xf6, 0x48, 0x96, 0x49, 0xa2, 0x49, 0xe7, 0x49, 0xeb,
  0x49, 0xf3, 0x49, 0xf4, 0x49, 0x81, 0x4a, 0x85, 0x4a, 0x86, 0x4a, 0x88,
  0x4a, 0xa0, 0x4a, 0xe5, 0x4a, 0xe8, 0x4a, 0xf8, 0x4a, 0xff, 0x4b, 0xf6,
  0x4d, 0xfc, 0x4d, 0x80, 0x4e, 0xc4, 0x50, 0x85, 0x53, 0xbc, 0x53, 0xb3,
  0x55, 0xdb, 0x55, 0xbb, 0x57, 0xbf, 0x57, 0xc3, 0x57, 0xc8, 0x57, 0xdf,
  0x57, 0xef, 0x57
};

uint16_t B_to_I[256] = {
    0, 0, 0, 0, 0, 0, 0, 0, 0, 0, 0, 0, 0, 28, 32, 262,
    271, 284, 289, 1354, 83, 906, 91, 332, 182, 35, 35, 198,
    335, 897, 904, 90, 92, 93, 720, 908, 718, 899, 1017, 340,
    947, 202, 323, 424, 49, 341, 59, 333, 28, 28, 134, 339,
    58, 2, 3, 4, 5, 6, 7, 29, 30, 36, 60, 62, 63, 61,
    80, 148, 171, 159, 191, 192, 193, 194, 195, 76, 197, 729,
    199, 200, 749, 1087, 1088, 1089, 1090, 1091, 1092, 1093,
    1094, 1095, 1096, 1097, 1098, 1099, 1100, 1101, 1102, 834,
    835, 724, 201, 203, 204, 209, 210, 211, 723, 213, 214, 215,
    216, 217, 218, 219, 220, 221, 222, 223, 224, 225, 226, 227,
    228, 229, 230, 245, 233, 234, 235, 236, 237, 238, 239, 240,
    241, 242, 244, 243, 248, 249, 305, 747, 318, 319, 314, 321,
    322, 330, 331, 442, 953, 334, 989, 781, 336, 836, 337, 1001,
    733, 764, 780, 768, 719, 750, 342, 343, 257, 344, 345, 360,
    361, 362, 363, 364, 366, 367, 368, 358, 359, 1086, 721, 802,
    376, 377, 378, 379, 380, 381, 388, 389, 390, 391, 392, 393,
    394, 395, 396, 397, 398, 399, 400, 401, 402, 403, 404, 405,
    406, 407, 408, 409, 357, 410, 411, 412, 413, 822, 420, 421,
    422, 423, 414, 415, 416, 417, 418, 419, 425, 428, 429, 1120,
    434, 1127, 1128, 435, 436, 438, 748, 439, 74, 440, 745, 441,
    455, 456, 457, 458, 1227, 752, 1234, 1235, 479, 480, 481, 746,
    766, 767
};

// 物品到方块映射
uint8_t I_to_B (uint16_t item) {
  switch (item) {
    case 32: return 14;
    case 262: return 15;
    case 271: return 16;
    case 284: return 17;
    case 289: return 18;
    case 1354: return 19;
    case 83: return 20;
    case 68: return 21;
    case 91: return 22;
    case 332: return 23;
    case 182: return 24;
    case 1: return 25;
    case 35: return 26;
    case 198: return 27;
    case 335: return 28;
    case 64: return 29;
    case 66: return 30;
    case 90: return 31;
    case 92: return 32;
    case 93: return 33;
    case 720: return 34;
    case 70: return 35;
    case 72: return 36;
    case 78: return 37;
    case 338: return 38;
    case 340: return 39;
    case 207: return 40;
    case 202: return 41;
    case 323: return 42;
    case 424: return 43;
    case 49: return 44;
    case 341: return 45;
    case 59: return 46;
    case 333: return 47;
    case 28: return 48;
    case 27: return 49;
    case 134: return 50;
    case 339: return 51;
    case 58: return 52;
    case 2: return 53;
    case 3: return 54;
    case 4: return 55;
    case 5: return 56;
    case 6: return 57;
    case 7: return 58;
    case 29: return 59;
    case 30: return 60;
    case 36: return 61;
    case 60: return 62;
    case 62: return 63;
    case 63: return 64;
    case 61: return 65;
    case 80: return 66;
    case 148: return 67;
    case 171: return 68;
    case 159: return 69;
    case 191: return 70;
    case 192: return 71;
    case 193: return 72;
    case 194: return 73;
    case 195: return 74;
    case 76: return 75;
    case 197: return 76;
    case 729: return 77;
    case 199: return 78;
    case 200: return 79;
    case 749: return 80;
    case 1087: return 81;
    case 1088: return 82;
    case 1089: return 83;
    case 1090: return 84;
    case 1091: return 85;
    case 1092: return 86;
    case 1093: return 87;
    case 1094: return 88;
    case 1095: return 89;
    case 1096: return 90;
    case 1097: return 91;
    case 1098: return 92;
    case 1099: return 93;
    case 1100: return 94;
    case 1101: return 95;
    case 1102: return 96;
    case 834: return 97;
    case 835: return 98;
    case 724: return 99;
    case 201: return 100;
    case 203: return 101;
    case 204: return 102;
    case 209: return 103;
    case 210: return 104;
    case 211: return 105;
    case 723: return 106;
    case 213: return 107;
    case 214: return 108;
    case 215: return 109;
    case 216: return 110;
    case 217: return 111;
    case 218: return 112;
    case 219: return 113;
    case 220: return 114;
    case 221: return 115;
    case 222: return 116;
    case 223: return 117;
    case 224: return 118;
    case 225: return 119;
    case 226: return 120;
    case 227: return 121;
    case 228: return 122;
    case 229: return 123;
    case 230: return 124;
    case 245: return 125;
    case 233: return 126;
    case 234: return 127;
    case 235: return 128;
    case 236: return 129;
    case 237: return 130;
    case 238: return 131;
    case 239: return 132;
    case 240: return 133;
    case 241: return 134;
    case 242: return 135;
    case 244: return 136;
    case 243: return 137;
    case 248: return 138;
    case 249: return 139;
    case 305: return 140;
    case 747: return 141;
    case 318: return 142;
    case 319: return 143;
    case 314: return 144;
    case 321: return 145;
    case 322: return 146;
    case 330: return 147;
    case 331: return 148;
    case 442: return 149;
    case 953: return 150;
    case 334: return 151;
    case 989: return 152;
    case 781: return 153;
    case 336: return 154;
    case 836: return 155;
    case 337: return 156;
    case 1001: return 157;
    case 733: return 158;
    case 764: return 159;
    case 780: return 160;
    case 768: return 161;
    case 719: return 162;
    case 750: return 163;
    case 342: return 164;
    case 343: return 165;
    case 257: return 166;
    case 344: return 167;
    case 345: return 168;
    case 360: return 169;
    case 361: return 170;
    case 362: return 171;
    case 363: return 172;
    case 364: return 173;
    case 366: return 174;
    case 367: return 175;
    case 368: return 176;
    case 358: return 177;
    case 359: return 178;
    case 1086: return 179;
    case 721: return 180;
    case 802: return 181;
    case 376: return 182;
    case 377: return 183;
    case 378: return 184;
    case 379: return 185;
    case 380: return 186;
    case 381: return 187;
    case 388: return 188;
    case 389: return 189;
    case 390: return 190;
    case 391: return 191;
    case 392: return 192;
    case 393: return 193;
    case 394: return 194;
    case 395: return 195;
    case 396: return 196;
    case 397: return 197;
    case 398: return 198;
    case 399: return 199;
    case 400: return 200;
    case 401: return 201;
    case 402: return 202;
    case 403: return 203;
    case 404: return 204;
    case 405: return 205;
    case 406: return 206;
    case 407: return 207;
    case 408: return 208;
    case 409: return 209;
    case 357: return 210;
    case 410: return 211;
    case 411: return 212;
    case 412: return 213;
    case 413: return 214;
    case 822: return 215;
    case 420: return 216;
    case 421: return 217;
    case 422: return 218;
    case 423: return 219;
    case 414: return 220;
    case 415: return 221;
    case 416: return 222;
    case 417: return 223;
    case 418: return 224;
    case 419: return 225;
    case 425: return 226;
    case 428: return 227;
    case 429: return 228;
    case 1120: return 229;
    case 434: return 230;
    case 1127: return 231;
    case 1128: return 232;
    case 435: return 233;
    case 436: return 234;
    case 438: return 235;
    case 748: return 236;
    case 439: return 237;
    case 74: return 238;
    case 440: return 239;
    case 745: return 240;
    case 441: return 241;
    case 455: return 242;
    case 456: return 243;
    case 457: return 244;
    case 458: return 245;
    case 1227: return 246;
    case 752: return 247;
    case 1234: return 248;
    case 1235: return 249;
    case 479: return 250;
    case 480: return 251;
    case 481: return 252;
    case 746: return 253;
    case 766: return 254;
    case 767: return 255;
    case I_shield: return 0;
    case I_bow: return 0;
    case I_arrow: return 0;
    case I_netherite_block: return B_netherite_block;
    case I_netherite_helmet: return 0;
    case I_netherite_chestplate: return 0;
    case I_netherite_leggings: return 0;
    case I_netherite_boots: return 0;
    case I_netherite_sword: return 0;
    case I_netherite_pickaxe: return 0;
    case I_netherite_axe: return 0;
    case I_netherite_shovel: return 0;
    case I_netherite_hoe: return 0;
    case I_netherite_ingot: return 0;
    case I_netherite_scrap: return 0;

    default: break;
  }
  return 0;
}
